rn,svyL1Name,svyL2Code,svyL2Name,DISTRICT,CAPITAL,REGION,AEZ16_CLAS,FS_2012_TX,LGP_AVG,LGP_CV,TT_20K,TT_50K,ELEVATION,pre_mean,pre_cv,TPOV_PT200,TPOV_PT125,soc_d5,soc_d15,soc_d30,PN12_TOT,area_km,bio1,bio2,bio3,bio4,bio5,bio6,bio7,bio8,bio9,bio10,bio11,bio12,bio13,bio14,bio15,bio16,bio17,bio18,bio19,2by2count,2by2sum,2by2mean,2by2min,2by2max
0,Ashanti,617,Ahafo Ano North,AHAFO ANO NORTH,Tepa,Ashanti,Tropic - warm / humid,2. Humid lowland tree crop,293.3333333,7,4.783333333,4.816666667,238.6666667,1303,17,65.83333333,32.66666667,29.42333333,14.65166667,7.585,58482,574.1971167,26.70833333,9.450308642,62.3300074,138.4137056,34.85462963,19.62222222,15.23240741,28.43333333,25.32808642,28.57561728,25.31898148,377.2018519,34.85462963,28.38703704,6.298383991,101.9462963,86.74907407,101.7648148,86.91481481,57,175,3.070175439,3,4
1,Ashanti,616,Ahafo Ano South,AHAFO ANO SOUTH,Mankranso,Ashanti,Tropic - warm / humid,7. Root and tuber crop,296.1538462,7,3.561538462,3.653846154,301,1291.923077,17.30769231,66.53846154,32.76923077,35.22692308,19.71461538,10.82,163526,1241.391856,26.78070988,9.384259259,64.40601346,127.6495206,34.58703704,19.96481481,14.62222222,28.37993827,25.44351852,28.4882716,25.43703704,377.6740741,34.58703704,28.4962963,5.939495608,101.5555556,87.18148148,101.4333333,87.27592593,119,438,3.680672269,3,4
2,Ashanti,602,Amansie West,AMANSIE WEST,Manso Nkwanta,Ashanti,Tropic - warm / humid,2. Humid lowland tree crop,306.4666667,6,2.906666667,3.52,197.9333333,1326.8,17.6,66.06666667,32.4,33.57533333,17.276,9.340666667,147451,1223.535295,26.81514275,9.211535494,66.79006122,117.7457248,34.24768519,20.39074074,13.85694444,28.25354938,25.50424383,28.35131173,25.50023148,377.0509259,34.24768519,28.54953704,5.648716286,100.9476852,87.29398148,100.8194444,87.33703704,126,461,3.658730159,3,4
3,Ashanti,610,Asante Akim North,ASANTE-AKYEM NORTH MUNICIPAL,Konongo-Odumase,Ashanti,Tropic - warm / humid,7. Root and tuber crop,298.6470588,7.294117647,3.470588235,5.017647059,215.4117647,1266.823529,16.47058824,63.35294118,30.23529412,24.85941176,16.73235294,9.558823529,161339,1497.103337,26.81376543,9.393024691,65.99375916,124.5144514,34.55,20.25296296,14.29703704,28.33493827,25.40080247,28.46351852,25.39783951,378.1233333,34.55,28.50777778,6.03645509,101.652963,87.00740741,101.4944444,87.01555556,148,410,2.77027027,0,4
4,Ashanti,609,Asante Akim South,ASANTE AKIM SOUTH,Juaso,Ashanti,Tropic - warm / humid,2. Humid lowland tree crop,307.2142857,7,2.564285714,3.235714286,220.0714286,1284.571429,15.85714286,63.07142857,30.28571429,31.44142857,16.94642857,8.857857143,125848,1174.86617,26.57654321,9.127623457,67.55736748,116.0709417,33.92361111,20.35555556,13.56805556,28.00493827,25.23109568,28.09012346,25.22839506,373.6842593,33.92361111,28.29398148,5.703546799,100.0449074,86.35787037,99.94444444,86.36018519,116,420,3.620689655,3,4
5,Ashanti,626,Ejura Sekye Dumasi,EJURA SEKYIDUMASI,Ejura,Ashanti,Tropic - warm / humid,7. Root and tuber crop,287,7,1.853846154,3.469230769,210.1538462,1250,15.30769231,64.69230769,31.46153846,16.77153846,11.94230769,6.326923077,86518,1322.497973,26.89211034,9.763078704,62.75883258,141.4248365,35.3087963,19.70277778,15.60601852,28.61234568,25.36566358,28.82307099,25.36141975,381.2837963,35.3087963,28.50925926,6.712217026,103.424537,86.97962963,103.1240741,87.00092593,129,490,3.798449612,3,4
6,Brong Ahafo,703,Asutifi,ASUTIFI,Kenyasi,Brong Ahafo,Tropic - warm / humid,2. Humid lowland tree crop,289.6111111,7.666666667,4.438888889,4.6,221.4444444,1263.166667,16.66666667,74.61111111,39.88888889,28.69,14.07555556,6.958888889,94164,1568.53512,26.75353009,9.496257716,62.94203705,137.2349531,34.87268519,19.71805556,15.15462963,28.44498457,25.35154321,28.59783951,25.34398148,378.0199074,34.87268519,28.42314815,6.305328381,102.1222222,86.88148148,101.9152778,86.99953704,157,480,3.057324841,3,4
7,Brong Ahafo,710,Berekum,BEREKUM MUNICIPAL,Berekum,Brong Ahafo,Tropic - warm / humid,2. Humid lowland tree crop,277.2,8.2,2.04,2.56,295.8,1195.5,17,73.2,39.4,25.331,14.298,6.799,113413,883.8373556,26.75119599,9.768209877,61.55504213,147.8745074,35.34583333,19.42685185,15.91898148,28.51790123,25.20941358,28.75092593,25.20223765,379.6236111,35.34583333,28.2875,6.929082968,103.2861111,86.44814815,102.8819444,86.5287037,89,236,2.651685393,0,4
8,Brong Ahafo,715,Techiman,TECHIMAN MUNICIPAL,Techiman,Brong Ahafo,Tropic - warm / humid,7. Root and tuber crop,277.8461538,7.153846154,1.876923077,4.030769231,370.6923077,1207.538462,15.38461538,71.07692308,37.76923077,20.66615385,14.71538462,6.961538462,217072,1081.849084,26.66921296,9.719135802,61.63538809,145.8637841,35.20462963,19.38564815,15.81898148,28.44359568,25.1587963,28.6617284,25.15231481,378.3453704,35.20462963,28.26805556,6.830028473,102.8726852,86.28888889,102.5425926,86.36666667,107,271,2.53271028,0,4
9,Central,205,Ajumanku / Enyan / Essiam,AJUMAKO/ENYAN/ESIYAM,Ajumako,Central,Tropic - warm / subhumid,2. Humid lowland tree crop,268.6,10.8,1.94,2.14,74.8,1133.2,24.8,62,25,29.1,14.808,7.422,99347,519.8343459,26.98042052,7.251736111,66.36528685,118.8968317,32.91851852,21.98101852,10.9375,28.30640432,25.41458333,28.3367284,25.41157407,367.275463,32.91851852,27.61944444,5.597422441,97.53796296,84.56157407,97.47777778,84.56851852,49,194,3.959183673,3,4
10,Central,203,Abura / Asebu / Kwamankese,ABURA/ASEBU/KWAMANKESE,Abura Dunkwa,Central,Tropic - warm / subhumid,2. Humid lowland tree crop,265.4,11.2,1.1,1.14,73.8,1192,23,54.4,21.6,23.524,14.832,7.69,212278,374.5911782,26.71496914,6.975,65.08011012,126.8266149,32.51111111,21.77037037,10.74074074,28.12469136,24.99259259,28.13888889,24.99259259,362.4296296,32.51111111,27.07037037,5.879517185,96.40740741,82.94814815,96.36851852,82.94814815,37,140,3.783783784,0,4
11,Central,212,Asikuma / Odoben / Brakwa,ASIKUMA/ODOBEN/BRAKWA,Breman Asikuma,Central,Tropic - warm / subhumid,2. Humid lowland tree crop,291.8333333,9.166666667,2.383333333,2.783333333,109.8333333,1190,18,60.75,24.41666667,30.965,16.98416667,8.420833333,184489,806.3710186,26.98042052,7.251736111,66.36528685,118.8968317,32.91851852,21.98101852,10.9375,28.30640432,25.41458333,28.3367284,25.41157407,367.275463,32.91851852,27.61944444,5.597422441,97.53796296,84.56157407,97.47777778,84.56851852,80,300,3.75,3,4
12,Central,202,Cape Coast,CAPE COAST,Cape Coast,Central,Tropic - warm / subhumid,14. Artisanal fishing,268,11,0.2,0.2,69,1192,23,44,17,17.91,13.07,7.73,83875,102.5149992,26.71496914,6.975,65.08011012,126.8266149,32.51111111,21.77037037,10.74074074,28.12469136,24.99259259,28.13888889,24.99259259,362.4296296,32.51111111,27.07037037,5.879517185,96.40740741,82.94814815,96.36851852,82.94814815,11,16,1.454545455,0,4
13,Central,201,Komenda / Edina / Eguafo / Abirem,KOMENDA/EDNA EGUAFO/EBIRE,Elmina,Central,Tropic - warm / subhumid,14. Artisanal fishing,275.6,11,2.183333333,2.316666667,70.33333333,1232.333333,22,60.5,24.33333333,23.39666667,15.42666667,8.766666667,161410,474.8043105,26.79077932,7.242361111,66.53242259,121.1813006,32.69259259,21.78518519,10.90740741,28.16157407,25.18148148,28.18271605,25.18101852,364.9435185,32.69259259,27.40648148,5.654943313,96.97222222,83.925,96.93796296,83.92592593,47,100,2.127659574,0,4
14,Central,204,Mfantsiman,MFANTSIMAN,Saltpond,Central,Tropic - warm / subhumid,14. Artisanal fishing,257,12.125,1.225,1.5375,91,1143,24.5,59,23.75,24.7925,17.2475,9.3275,223607,575.9748319,27.01392747,6.637268519,64.38419528,125.9130395,32.57777778,22.25185185,10.32592593,28.36095679,25.29089506,28.38611111,25.28858025,363.9907407,32.57777778,27.20277778,5.807149995,96.59722222,83.3712963,96.53796296,83.37685185,58,176,3.034482759,0,4
15,Central,215,Twifo / Heman / Lower Denkyira,TWIFO-HEMAN/LOWER DENKYIRA,Twifo Praso,Central,Tropic - warm / subhumid,2. Humid lowland tree crop,300.8888889,8.166666667,3.566666667,4.144444444,112.8888889,1274.222222,19.33333333,62,25,28.56888889,15.04611111,7.442222222,170610,1514.425029,26.82827932,7.733564815,67.56280918,116.8444197,33.05,21.58009259,11.46990741,28.18703704,25.32986111,28.21265432,25.32824074,368.3407407,33.05,27.76435185,5.526155443,97.93842593,85.00601852,97.89398148,85.00787037,149,503,3.375838926,0,4
16,Eastern,506,Akwapim North,AKWAPIM NORTH,Akropong Akwapim,Eastern,Tropic - warm / subhumid,2. Humid lowland tree crop,266.5714286,10.71428571,0.914285714,1.057142857,203,1101,18.71428571,45.28571429,16.71428571,31.12142857,21.22857143,13.55714286,110466,611.2111172,27.18113426,7.83441358,68.3767459,117.6525605,33.32962963,21.87268519,11.45694444,28.44938272,25.6566358,28.52384259,25.64822531,373.1800926,33.32962963,28.325,5.303853992,98.78240741,86.40324074,98.61574074,86.42962963,62,204,3.290322581,0,4
17,Eastern,505,Akwapim South,AKWAPIM SOUTH MUNICIPAL,Nsawam,Eastern,Tropic - warm / subhumid,2. Humid lowland tree crop,257.6,12.6,1.26,1.34,170.4,1009,21,50.8,19.4,27.974,17.596,10.528,173218,411.2850622,27.64220679,6.743364198,67.72501419,111.1241594,33.11481481,23.12962963,9.985185185,28.75925926,26.14876543,28.82407407,26.13796296,372.1666667,33.11481481,28.25555556,5.248438265,98.25185185,86.1,98.02962963,86.12777778,41,80,1.951219512,0,4
18,Eastern,510,Asuogyaman,ASUOGYAMAN,Atimpoku,Eastern,Tropic - warm / subhumid,14. Artisanal fishing,278.1111111,9.444444444,1.425,1.9375,106.2222222,1129.666667,16.77777778,53.22222222,22,35.34666667,28.52777778,19.87111111,91553,827.2216904,26.82872942,9.080812757,70.69086431,114.4269738,33.85493827,20.97037037,12.8845679,28.14022634,25.43837449,28.24300412,25.42921811,376.4296296,33.85493827,28.68580247,5.374185813,100.1259259,87.36296296,99.88950617,87.4,82,163,1.987804878,0,4
19,Eastern,512,Fanteakwa,FANTEAKWA,Begoro,Eastern,Tropic - warm / humid,2. Humid lowland tree crop,293.8571429,8.071428571,3.435714286,3.6,351.0714286,1186.714286,15.71428571,53.35714286,20.71428571,30.45571429,22.41928571,14.595,117504,1235.399053,26.62860725,9.175655864,68.75298057,113.8032401,33.89074074,20.48935185,13.40138889,27.99845679,25.30084877,28.09976852,25.29614198,374.5972222,33.89074074,28.45648148,5.556197122,100.0319444,86.74537037,99.87638889,86.75740741,121,381,3.148760331,0,4
20,Eastern,514,Kwaebibirem,KWAEBIBIREM,Kade,Eastern,Tropic - warm / humid,2. Humid lowland tree crop,306.7692308,8.076923077,1.938461538,2.884615385,167.5384615,1215,16,53.15384615,20.61538462,28.13538462,14.97461538,7.907692308,208030,1236.203075,26.72314815,8.461728395,68.42283958,111.1266744,33.47839506,21.06481481,12.41358025,28.06872428,25.37901235,28.11800412,25.37561728,371.4481481,33.47839506,28.17407407,5.444162005,98.99197531,86.02839506,98.91851852,86.03641975,121,400,3.305785124,0,4
21,Ashanti,611,Ejisu Juaben,NEW JUABENG,Koforidua,Eastern,Tropic - warm / subhumid,2. Humid lowland tree crop,284,10.5,0.7,0.75,170.5,1170,17,50,19,26.885,15.235,7.645,171079,153.146754,26.13487654,8.881481481,70.5576943,108.2620007,32.96851852,20.33518519,12.63333333,27.40987654,24.81820988,27.48796296,24.81419753,366.9074074,32.96851852,27.93703704,5.325561636,97.55925926,85.14444444,97.4,85.15740741,15,36,2.4,0,4
22,Eastern,504,Suhum / Kraboa Coaltar,SUHUM/KRABOA/COALTAR,Suhum,Eastern,Tropic - warm / subhumid,2. Humid lowland tree crop,281.7,10.2,1.76,2.06,140.3,1091,19.1,53.1,20.6,28.598,15.803,8.19,218190,860.1292278,26.84712577,8.026736111,68.88944675,109.6605152,33.20509259,21.52731481,11.67777778,28.09938272,25.47183642,28.15833333,25.46612654,370.3259259,33.20509259,28.13333333,5.326498284,98.31388889,85.80833333,98.1787037,85.82453704,82,310,3.780487805,3,4
23,Eastern,503,West Akim,WEST AKIM,Asamankese,Eastern,Tropic - warm / subhumid,2. Humid lowland tree crop,290.7,9.6,1.75,2.39,166.6,1147.5,18.7,52.7,20.3,31.529,17.003,8.908,170589,826.3681198,27.08454218,7.741820988,68.33336423,110.1266867,33.28395062,21.92469136,11.35925926,28.32921811,25.68971193,28.38179012,25.68343621,371.4654321,33.28395062,28.19876543,5.326810501,98.5654321,86.02962963,98.4382716,86.04691358,83,314,3.78313253,0,4
24,Eastern,508,Yilo Krobo,YILO KROBO,Somanya,Eastern,Tropic - warm / subhumid,2. Humid lowland tree crop,282.2857143,9.714285714,2.014285714,2.228571429,239.4285714,1162.571429,17,50.85714286,19.57142857,31.64571429,22.15285714,14.38857143,87792,544.921041,26.13487654,8.881481481,70.5576943,108.2620007,32.96851852,20.33518519,12.63333333,27.40987654,24.81820988,27.48796296,24.81419753,366.9074074,32.96851852,27.93703704,5.325561636,97.55925926,85.14444444,97.4,85.15740741,52,170,3.269230769,0,4
25,Greater Accra,310,Dangbe East,DANGBE EAST,Ada Foah,Greater Accr,Tropic - warm / semiarid,14. Artisanal fishing,202,13.75,1.875,2.275,51.375,1123.625,25.625,50,18,20.13625,18.0375,14.47,89889,599.6463621,27.41268004,7.830092593,67.4929067,125.8954487,33.65555556,22.05679012,11.59876543,28.77808642,25.7691358,28.84207819,25.76193416,375.932716,33.65555556,28.4537037,5.45330594,99.65493827,86.84876543,99.54259259,86.87654321,61,236,3.868852459,3,4
26,Greater Accra,309,Dangbe West,DANGBE WEST,Dodowa,Greater Accr,Tropic - warm / subhumid,7. Root and tuber crop,235.5263158,13.21052632,1.984210526,2.105263158,78.68421053,1014.578947,23.78947368,50,18.10526316,13.78578947,10.01789474,7.138421053,170890,1583.424201,27.52988683,7.485390947,67.6497631,120.7827471,33.45,22.38518519,11.06481481,28.79588477,25.93611111,28.8691358,25.92623457,375.2709877,33.45,28.45432099,5.296618111,99.19012346,86.82283951,99.02098765,86.8537037,154,601,3.902597403,0,4
27,Upper West,1009,Lawra,LAWRA,Lawra,Upper West,Tropic - warm / subhumid,8. Cereal-root crop mixed,176.7,10.4,3.05,3.1,256.5,973,14,99,92,8.897,7.834,5.195,100677,965.9861298,27.86095679,12.23148148,59.7489407,203.7388681,37.92407407,17.40185185,20.52222222,30.48395062,26.05524691,30.68425926,25.95895062,407.7203704,37.92407407,29.64814815,7.907584571,111.7296296,91.01666667,110.7518519,93.68148148,91,275,3.021978022,3,4
28,Upper West,1005,Nadowli,NADOWLI,Nadowli,Upper West,Tropic - warm / subhumid,8. Cereal-root crop mixed,187.1,9.066666667,2.493333333,2.493333333,276.5666667,1015.266667,15.66666667,99,92,12.19333333,10.79666667,7.559,98146,2814.787494,27.71643519,11.7779321,60.07864068,187.9191821,37.5037037,17.84537037,19.65833333,30.10231481,25.97237654,30.33935185,25.92314815,403.2648148,37.5037037,29.46851852,7.883983933,110.4212963,90.11666667,109.9185185,92.02777778,276,810,2.934782609,1,3
29,Volta,402,Keta Municipal,KETA,Keta,Volta,Tropic - warm / subhumid,14. Artisanal fishing,201.4285714,13.57142857,1.585714286,2.371428571,46.28571429,1297.6,23.8,73.42857143,42.28571429,25.946,23.725,18.875,143558,758.1124022,27.18622685,7.984182099,67.37725523,129.6594787,33.68333333,21.80555556,11.87777778,28.63503086,25.49691358,28.67962963,25.49135802,374.1398148,33.68333333,28.20833333,5.72417568,99.53703704,86.11388889,99.45648148,86.13518519,75,159,2.12,0,4
30,Volta,406,North Tongu,NORTH TONGU,Adidome,Volta,Tropic - warm / subhumid,7. Root and tuber crop,249.9565217,11.39130435,3.339130435,3.808695652,73.52173913,1111.913043,18,71.95652174,40.91304348,16.76956522,11.8773913,7.856086957,186383,1895.944967,27.30810185,8.852623457,70.92926349,117.3272646,34.06666667,21.5537037,12.51296296,28.62253086,25.86080247,28.72746914,25.84691358,380.812963,34.06666667,29.10925926,5.126848149,100.9,88.62407407,100.7111111,88.66296296,187,621,3.320855615,0,4
31,Western,104,Ahanta West,AHANTA WEST,Agona Nkwanta,Western,Tropic - warm / subhumid,14. Artisanal fishing,300.3333333,11.33333333,1.1625,1.35,76.625,1425.75,23.5,51.75,20.25,24.4725,13.99875,6.45875,271769,544.7737038,26.80111883,7.322762346,68.58090561,109.7737255,32.62777778,21.92407407,10.7037037,28.03287037,25.37592593,28.06157407,25.3712963,365.55,32.62777778,27.80740741,5.112062464,96.77222222,84.95,96.69907407,84.95555556,54,176,3.259259259,0,4
32,Western,112,Aowin / Suaman,AOWIN-SUAMAN,Enchi,Western,Tropic - warm / humid,2. Humid lowland tree crop,317.0571429,7.285714286,5.065714286,6.691428571,140.3142857,1474.514286,17.88571429,52.88571429,20.91428571,38.71371429,21.52457143,13.21914286,155101,3104.773331,26.83009259,8.505864198,68.97073873,112.7412335,33.51296296,21.14259259,12.37037037,28.17592593,25.45432099,28.22530864,25.45339506,372.9962963,33.51296296,28.2462963,5.38368297,99.24074074,86.43888889,99.15740741,86.4462963,310,915,2.951612903,1,4
33,Western,115,Sefwi Bibiani-Ahwiaso Bekwai,BIBIANI/ANWIASO/BEKWAI,Bibiani,Western,Tropic - warm / humid,2. Humid lowland tree crop,308.5,6.9,2.66,3.41,183.4,1370,19,52.5,20.6,33.994,16.685,7.825,120398,841.4298885,27.09822531,9.19058642,68.42138289,107.8510223,34.24444444,20.76296296,13.48148148,28.40308642,25.90802469,28.48950617,25.90185185,380.3222222,34.24444444,29.0037037,5.181822432,101.2611111,88.67407407,101.1518519,88.7462963,83,280,3.373493976,0,4
34,Western,101,Jomoro,JOMORO,Half Assini,Western,Tropic - warm / humid,2. Humid lowland tree crop,319.2142857,7.428571429,3.757142857,4.885714286,72.92857143,1555,18,53,21,27.06071429,15.44142857,7.910714286,95014,1473.45698,27.06929012,7.800925926,69.06362086,114.7942331,33.27037037,21.9462963,11.32407407,28.38364198,25.59660494,28.41851852,25.59475309,371.637037,33.27037037,28.10185185,5.444179525,98.66111111,85.91666667,98.6,85.92222222,146,360,2.465753425,0,4
35,Ashanti,614,K M A,KUMASI METRO,Kumasi,Ashanti,Tropic - warm / humid,2. Humid lowland tree crop,302,6.5,0.225,0.325,243.75,1295,18,32.75,11.25,27.7425,18.9025,12.2625,1637723,243.5074567,26.68348765,9.304012346,65.86185101,124.6682882,34.36296296,20.18518519,14.17777778,28.19845679,25.26574074,28.31759259,25.26296296,376.0259259,34.36296296,28.31851852,6.027763675,101.1,86.5462963,100.937037,86.55,24,0,0,0,0
36,Upper East,907,Bawku West,BAWKU WEST,Zebilla,Upper East,Tropic - warm / subhumid,8. Cereal-root crop mixed,168.9285714,10,1.678571429,1.678571429,210.5,1002.285714,12.42857143,90.42857143,76,10.25142857,8.850714286,6.191428571,103162,1118.621279,28.40227623,12.37600309,59.54471302,211.6688298,39.01018519,18.18240741,20.82777778,31.18734568,26.48425926,31.42685185,26.47608025,415.0833333,39.01018519,30.23425926,8.224563015,114.2851852,92.34907407,113.3666667,92.90555556,109,422,3.871559633,3,4
37,Upper East,906,Bongo,BONGO,Bongo,Upper East,Tropic - warm / subhumid,8. Cereal-root crop mixed,167.5,10.83333333,2.166666667,2.233333333,227.1666667,1000,13,91,77,9.09,7.348333333,4.903333333,99456,419.1850045,28.47677469,12.31805556,59.62534708,210.2670311,38.99074074,18.28888889,20.70185185,31.23888889,26.57438272,31.48611111,26.56574074,415.6296296,38.99074074,30.30740741,8.155784981,114.3314815,92.54814815,113.35,93.10740741,42,148,3.523809524,1,4
38,Upper East,901,Builsa,BUILSA,Sandema,Upper East,Tropic - warm / subhumid,8. Cereal-root crop mixed,173.5652174,10.82608696,3.02173913,3.02173913,158.2173913,999.0434783,13.73913043,91,77,10.21478261,9.004347826,6.047826087,83106,2144.903077,28.63665123,12.21651235,59.75203656,206.7015899,38.99814815,18.50740741,20.49074074,31.3382716,26.75555556,31.58487654,26.74104938,416.9388889,38.99814815,30.38703704,8.04813012,114.5092593,92.94259259,113.4481481,94.11666667,204,663,3.25,2,4
39,Northern,820,West Mamprusi,WEST MAMPRUSI,Walewale,Northern,Tropic - warm / subhumid,8. Cereal-root crop mixed,181.0175439,9.947368421,3.275438596,3.3,152.0701754,1027.982456,12.10526316,83.14035088,63.28070175,10.59596491,9.124035088,6.076666667,159612,4971.174301,28.57530864,11.93888889,59.71530023,198.4092613,38.76944444,18.73425926,20.03518519,31.17376543,26.70709877,31.39645062,26.70138889,414.537037,38.76944444,30.30648148,8.086401724,113.8759259,92.44444444,113.0537037,92.94537037,492,1665,3.384146341,0,4
40,Northern,813,Savelugu Nanton,SAVELUGU NANTON,Savelugu,Northern,Tropic - warm / subhumid,8. Cereal-root crop mixed,190.4545455,9.818181818,2.627272727,2.809090909,148.1818182,1085.681818,13.90909091,82.54545455,62.36363636,9.204545455,7.705909091,5.161818182,103395,1950.602194,28.22029321,11.61712963,59.83319221,190.3072739,38.21296296,18.75925926,19.4537037,30.66450617,26.31944444,30.92561728,26.31635802,408.3462963,38.21296296,29.87962963,8.196601574,112.2722222,90.98703704,111.7296296,90.99074074,189,737,3.899470899,3,4
41,Northern,812,Tolon Kumbugu,TOLON KUMBUGU,Tolon,Northern,Tropic - warm / subhumid,8. Cereal-root crop mixed,193.5294118,10,3.011764706,3.064705882,138.7647059,1065,14.11764706,82.82352941,62.76470588,9.540882353,7.993235294,5.362941176,196602,2985.145277,28.48935185,11.54197531,59.31755929,188.6093092,38.38148148,18.88518519,19.4962963,30.9154321,26.66574074,31.17592593,26.66234568,411.1240741,38.38148148,30.14814815,8.018383499,112.8703704,91.86481481,112.3055556,92.07777778,289,1072,3.709342561,3,4
42,Northern,810,Yendi,YENDI MUNICIPAL,Yendi,Northern,Tropic - warm / subhumid,8. Cereal-root crop mixed,202.6170213,8.234042553,2.704255319,2.721276596,159.1702128,1164.404255,13.65957447,82.40425532,62.12765957,9.654680851,7.624680851,5.156382979,169155,4236.812234,27.70262346,11.32808642,60.58296475,179.6425685,37.53518519,18.80555556,18.72962963,30.00185185,25.89135802,30.29135802,25.88611111,400.4,37.53518519,29.42962963,8.102285035,110.112963,89.60925926,109.7148148,89.63333333,415,1546,3.725301205,3,4
43,Northern,811,Tamale,TAMALE MUNICIPALITY,Tamale,Northern,Tropic - warm / subhumid,8. Cereal-root crop mixed,200.125,9.5,1.0375,1.05,150.75,1127.375,15.75,77.625,56,8.10875,6.4875,4.54,399109,819.4293358,28.07044753,11.41759259,59.83613936,185.0560218,37.93518519,18.81759259,19.11759259,30.44197531,26.20709877,30.71003086,26.20401235,405.3509259,37.93518519,29.71574074,8.130663199,111.4064815,90.47777778,110.9268519,90.49074074,85,233,2.741176471,0,4
44,Upper West,1001,Wa West,WA WEST,Wechiau,Upper West,Tropic - warm / subhumid,8. Cereal-root crop mixed,199,9.777777778,2.672222222,2.683333333,271.6111111,1022.666667,15,98.11111111,90.38888889,12.45777778,11.02666667,8.645,153089,1646.427168,27.79228395,11.49074074,59.76678576,179.827594,37.44444444,18.17592593,19.26851852,30.01759259,26.05432099,30.31296296,26.03703704,402.4518519,37.44444444,29.43703704,7.891685571,110.162963,89.97407407,109.5037037,90.62222222,166,498,3,3,3
45,Upper West,1002,Wa Municipal,WA MUNICIPAL,Wa,Upper West,Tropic - warm / subhumid,8. Cereal-root crop mixed,199.2105263,9.789473684,2.589473684,2.589473684,282.2631579,1041.684211,16,95.89473684,87.42105263,13.23157895,11.82684211,8.698421053,75192,1728.694364,27.60084877,11.40385802,59.48447558,177.8707422,37.23518519,18.02037037,19.21481481,29.90432099,25.91080247,30.11820988,25.88611111,399.6333333,37.23518519,29.27777778,7.917138229,109.5018519,89.34444444,108.8925926,90.66666667,162,474,2.925925926,1,3
46,Upper West,1003,Wa East,WA EAST,Funsi,Upper West,Tropic - warm / subhumid,8. Cereal-root crop mixed,190.6052632,9.263157895,4.594736842,4.594736842,239.9210526,1031,14.63157895,98.57894737,91.23684211,15.29605263,13.55631579,9.117368421,41015,3255.48641,28.13510802,11.79274691,59.57981224,192.7693864,38.1,18.25925926,19.84074074,30.66697531,26.36820988,30.86882716,26.3382716,408.3777778,38.1,29.93888889,7.951021159,112.0462963,91.26296296,111.35,92.45185185,313,884,2.82428115,1,4
47,Upper East,909,Bawku Municipal,BAWKU MUNICIPAL,Bawku,Upper East,Tropic - warm / subhumid,8. Cereal-root crop mixed,167,10,1.26,1.26,208.1,982.8,12.8,89.7,75.4,9.214,7.513,5.028,197216,1070.381952,28.32777778,12.43395062,59.46407896,213.0706285,39.02962963,18.07592593,20.9537037,31.13580247,26.3941358,31.36759259,26.38641975,414.537037,39.02962963,30.16111111,8.293341049,114.2388889,92.15,113.3833333,92.7037037,106,411,3.877358491,3,4
48,Northern,819,East Mamprusi,EAST MAMPRUSI,Gambaga,Northern,Tropic - warm / subhumid,8. Cereal-root crop mixed,178.5909091,9.090909091,2.854545455,2.854545455,232.4545455,1042.181818,12.09090909,82.36363636,62,9.884545455,8.328181818,5.457727273,159673,1902.261199,28.37561728,12.21682099,59.71073249,205.957133,38.85046296,18.34768519,20.50277778,31.07662037,26.4716821,31.3121142,26.46612654,413.8083333,38.85046296,30.18333333,8.208100317,113.8819444,92.12592593,113.0037037,92.45694444,188,644,3.425531915,1,4
49,Northern,804,Central Gonja,CENTRAL GONJA,Buipe,Northern,Tropic - warm / subhumid,8. Cereal-root crop mixed,218.2352941,9.12745098,3.748039216,4.251960784,130.9313725,1119.558824,14.41176471,83,63,11.59098039,9.69872549,6.375392157,98500,8833.333451,28.05632716,10.86219136,59.3273936,170.77849,37.56296296,19.22037037,18.34259259,30.1320216,26.33641975,30.49282407,26.33186728,401.8490741,37.56296296,29.63425926,7.745777988,110.1305556,90.30416667,109.6166667,90.45833333,867,2642,3.047289504,0,4
50,Northern,803,West Gonja,WEST GONJA,Damongo,Northern,Tropic - warm / subhumid,8. Cereal-root crop mixed,203.960396,9.326732673,5.289108911,5.896039604,213.2079208,1065.425743,14.41584158,83.62376238,64.12871287,14.62158416,12.67019802,8.118910891,81692,8795.319163,27.69207819,11.25226337,58.98893145,174.0141493,37.30493827,18.19320988,19.1117284,29.83497942,26.03292181,30.1691358,26.0149177,399.8185185,37.30493827,29.37777778,7.847454667,109.5351852,89.60493827,108.967284,90.50802469,864,1611,1.864583333,0,4
51,Northern,801,Bole,BOLE,Bole,Northern,Tropic - warm / subhumid,8. Cereal-root crop mixed,239.7,8.55,4.713333333,6.135,202.5166667,1096.7,15.28333333,82.9,62.86666667,15.5655,13.2745,8.088833333,68572,5323.377816,27.3662037,10.77777778,58.72561877,161.4241641,36.77592593,18.38888889,18.38703704,29.20277778,25.77685185,29.65462963,25.76265432,393.0611111,36.77592593,29.00740741,7.707522864,107.6611111,88.39074074,106.962963,89.02037037,522,1340,2.567049808,0,4
52,Northern,802,Sawla / Tuna / Kalba,SAWLA-TUNA-KALBA,Sawla,Northern,Tropic - warm / subhumid,8. Cereal-root crop mixed,210.3833333,9.316666667,5.386666667,5.651666667,265.7833333,1051.516667,15.46666667,83.53333333,63.96666667,14.56883333,12.97333333,8.731333333,107989,5247.121319,27.6161045,11.23516314,59.10937967,172.9302098,37.20079365,18.15608466,19.04470899,29.72632275,25.95687831,30.064903,25.93849206,398.8042328,37.20079365,29.28571429,7.8411244,109.2402116,89.36084656,108.6079365,90.27566138,518,1344,2.594594595,0,4
53,Northern,808,Nanumba North,NANUMBA NORTH,Bimbilla,Northern,Tropic - warm / subhumid,8. Cereal-root crop mixed,213.5,8.972222222,2.483333333,3.194444444,154.25,1200.777778,13.69444444,82.94444444,62.86111111,10.13861111,7.504722222,4.990277778,133843,3048.392786,27.74598765,10.87685185,60.7795928,170.0421227,37.27592593,19.35555556,17.92037037,29.87530864,26.00123457,30.18240741,25.99783951,398.212963,37.27592593,29.38518519,7.803824944,109.1981481,89.53148148,108.7796296,89.53518519,299,1061,3.548494983,1,4
54,Brong Ahafo,722,Kintampo,KINTAMPO NORTH MUNICIPAL,Kintampo,Brong Ahafo,Tropic - warm / subhumid,7. Root and tuber crop,246.6779661,8.288135593,5.910169492,7.711864407,145.2711864,1143.20339,14.40677966,76.08474576,41.3559322,13.16355932,10.92016949,6.38,116107,5044.075367,27.59691358,10.3287037,59.93442158,157.3408036,36.77962963,19.51296296,17.26666667,29.46111111,25.97222222,29.81790123,25.96851852,393.1351852,36.77962963,29.16296296,7.368804919,107.4555556,88.93333333,107.0240741,88.96851852,502,1463,2.914342629,0,4
55,Brong Ahafo,721,Kintampo South,KINTAMPO SOUTH,Jema,Brong Ahafo,Tropic - warm / subhumid,7. Root and tuber crop,266.2857143,7.238095238,3.180952381,5.857142857,255.047619,1180.857143,15.0952381,75.28571429,40.61904762,17.32333333,13.52714286,7.083809524,84011,1719.616722,27.2630787,10.12229938,61.00399481,152.3352762,36.16419753,19.52530864,16.63888889,29.08287037,25.65087449,29.38287037,25.64645062,387.8907407,36.16419753,28.81296296,7.205067844,105.8262346,87.88981481,105.3833333,87.91759259,165,488,2.957575758,0,4
56,Brong Ahafo,714,Wenchi,WENCHI MUNICIPAL,Wenchi,Brong Ahafo,Tropic - warm / subhumid,7. Root and tuber crop,272.0833333,7.583333333,2.166666667,4.466666667,292,1176.666667,15.91666667,72.58333333,39.16666667,18.36916667,13.045,6.313333333,68616,1189.330495,26.87253086,9.912345679,60.91496497,150.7019964,35.64490741,19.32592593,16.31898148,28.67955247,25.3099537,28.94475309,25.30285494,381.9444444,35.64490741,28.41944444,7.089018077,104.1425926,86.77268519,103.7194444,86.85324074,119,381,3.201680672,3,4
57,Brong Ahafo,713,Tain,TAIN,Nsawkaw,Brong Ahafo,Tropic - warm / subhumid,7. Root and tuber crop,260.5625,7.958333333,3.947916667,5.097916667,219.6458333,1142.958333,16.04166667,76,41,17.825,13.71833333,7.357708333,152998,4219.519435,27.10169753,10.1132716,60.72717709,154.2761932,36.08148148,19.38148148,16.7,28.91496914,25.45354938,29.22824074,25.44768519,385.9,36.08148148,28.55925926,7.379060335,105.4944444,87.23148148,104.9638889,87.26296296,416,958,2.302884615,0,4
58,Brong Ahafo,711,Jaman South,JAMAN SOUTH,Drobo,Brong Ahafo,Tropic - warm / subhumid,2. Humid lowland tree crop,272.4,8.9,2.84,3.41,291.1,1173.5,17,76,41,26.974,16.71,7.728,95643,853.1899012,26.7695216,10.01157407,62.28482275,148.6756052,35.52777778,19.4037037,16.12407407,28.47283951,25.12253086,28.75648148,25.11882716,381.3037037,35.52777778,28.19259259,7.252309007,103.9703704,86.3,103.3574074,86.32592593,85,261,3.070588235,3,4
59,Brong Ahafo,712,Jaman North,JAMAN NORTH,Sampa,Brong Ahafo,Tropic - warm / subhumid,7. Root and tuber crop,265.6666667,8.777777778,3.122222222,3.466666667,292.8888889,1160.888889,17,74.11111111,40,19.21,14.04888889,6.417777778,97753,785.8093836,26.69938272,10.20895062,62.16284211,150.4240849,35.58611111,19.11666667,16.46944444,28.39444444,25.02561728,28.71990741,25.02021605,381.6462963,35.58611111,28.1537037,7.46954601,104.2703704,86.06851852,103.5240741,86.09444444,77,231,3,3,3
60,Brong Ahafo,702,Asunafo North,ASUNAFO NORTH MUNICIPAL,Goaso,Brong Ahafo,Tropic - warm / humid,2. Humid lowland tree crop,292.2631579,7.947368421,6.547368421,6.794736842,231.4736842,1288,17,74.52631579,39.84210526,30.19,13.81684211,6.391052632,129776,1607.685292,26.87824074,9.414506173,64.67878881,128.9217971,34.68518519,20.07407407,14.61111111,28.48734568,25.52098765,28.59691358,25.51666667,379.0259259,34.68518519,28.60925926,5.966398367,101.9296296,87.46851852,101.762963,87.57962963,157,453,2.885350318,0,3
61,Brong Ahafo,701,Asunafo South,ASUNAFO SOUTH,Kukuom,Brong Ahafo,Tropic - warm / humid,2. Humid lowland tree crop,300.5714286,7.142857143,4.957142857,5.328571429,187.1428571,1306.142857,17.28571429,72.42857143,38,29.72142857,13.99571429,6.142857143,65303,789.9075834,26.89266975,9.269212963,66.31456526,119.5149485,34.36388889,20.31898148,14.04490741,28.35964506,25.59899691,28.46041667,25.59398148,378.3273148,34.36388889,28.66666667,5.631849183,101.2796296,87.6625,101.1361111,87.73518519,80,240,3,0,4
62,Brong Ahafo,707,Tano North,TANO NORTH,Duayaw Nkwanta,Brong Ahafo,Tropic - warm / humid,7. Root and tuber crop,285.5454545,7.454545455,2.1,2.1,275.1818182,1224,15,72.18181818,38.45454545,29.49,15.63727273,8.048181818,97396,720.3151618,26.63595679,9.516358025,60.25400134,149.1778906,35.12222222,19.27962963,15.84259259,28.4867284,25.21265432,28.66296296,25.20092593,376.7296296,35.12222222,28.27777778,6.657272373,102.337037,86.31666667,102.0962963,86.5537037,72,259,3.597222222,0,4
63,Brong Ahafo,706,Tano South,TANO SOUTH,Bechem,Brong Ahafo,Tropic - warm / humid,7. Root and tuber crop,289.6666667,7,2.388888889,2.466666667,302.6666667,1237.777778,15.44444444,71.22222222,38,29.72,16.37777778,8.662222222,108595,716.9951204,26.57299383,9.547530864,61.66902409,143.9617487,34.94351852,19.40555556,15.53796296,28.3433642,25.12083333,28.52314815,25.11311728,376.1611111,34.94351852,28.21018519,6.615415656,102.037963,86.11388889,101.8055556,86.24351852,71,268,3.774647887,3,4
64,Ashanti,601,Atwima Mponua,ATWIMA MPONUA,Nyinahin,Ashanti,Tropic - warm / humid,2. Humid lowland tree crop,302.6,6.6,3.43,3.565,221.1,1322.7,17.65,67,33,33.079,17.0425,8.7325,111393,1718.726517,26.85414095,9.292952675,66.22974912,120.0562771,34.39814815,20.30432099,14.09382716,28.32716049,25.53909465,28.43179012,25.53395062,378.0074074,34.39814815,28.60617284,5.716360572,101.3055556,87.46728395,101.1740741,87.52407407,168,488,2.904761905,0,4
65,Ashanti,615,Atwima Nwabiagya,ATWIMA NWABIAGYA,Nkawie,Ashanti,Tropic - warm / humid,7. Root and tuber crop,299.2222222,6.888888889,2,2.111111111,244.1111111,1295,18,67,33,29.67,15.93111111,8.846666667,154034,781.0330187,26.68348765,9.304012346,65.86185101,124.6682882,34.36296296,20.18518519,14.17777778,28.19845679,25.26574074,28.31759259,25.26296296,376.0259259,34.36296296,28.31851852,6.027763675,101.1,86.5462963,100.937037,86.55,78,248,3.179487179,0,4
66,Ashanti,603,Amansie Central,AMANSIE CENTRAL,Jacobu,Ashanti,Tropic - warm / humid,2. Humid lowland tree crop,308.6363636,6,3.036363636,3.927272727,170.4545455,1323,17,67,33,30.15272727,15.11181818,7.436363636,95528,1023.811732,26.69814815,8.967283951,68.4709975,110.8140682,33.7962963,20.65,13.1462963,28.03271605,25.39969136,28.10987654,25.39907407,374.1814815,33.7962963,28.37962963,5.445783429,99.87407407,86.77407407,99.75555556,86.77592593,100,346,3.46,0,4
67,Ashanti,605,Obuasi Municipal,OBUASI MUNICIPAL,Obuasi,Ashanti,Tropic - warm / humid,2. Humid lowland tree crop,309.8888889,6,2.077777778,3.411111111,165.7777778,1323.888889,17.22222222,59.44444444,28.22222222,32.30888889,16.75,8.245555556,162676,713.1727634,26.79749228,8.649614198,68.7057526,111.0750256,33.64166667,21.00462963,12.63703704,28.13996914,25.46635802,28.19212963,25.46496914,373.4675926,33.64166667,28.31111111,5.391864595,99.50925926,86.59722222,99.42037037,86.6,71,239,3.366197183,0,4
68,Ashanti,606,Adansi North,ADANSI NORTH,Fomena,Ashanti,Tropic - warm / humid,2. Humid lowland tree crop,309.75,6,0.825,1.525,254.25,1323,17,60,28.75,32.13,16.355,7.9475,191126,325.4133715,26.62808642,8.935185185,68.23221886,112.4690954,33.74722222,20.6,13.14722222,28.00524691,25.30817901,28.0712963,25.30679012,373.1481481,33.74722222,28.28055556,5.523138103,99.70277778,86.43518519,99.61296296,86.43611111,36,97,2.694444444,0,4
69,Western,117,Bia,BIA,Old Debiso,Western,Tropic - warm / humid,2. Humid lowland tree crop,294.8846154,8,7.069230769,7.45,189.5769231,1295.5,17.57692308,53,21,32.07192308,14.19538462,7.419230769,138556,2138.870686,26.8891358,9.37382716,65.7383525,127.1624354,34.55333333,20.22111111,14.33222222,28.40592593,25.46882716,28.54401235,25.4658642,378.9125926,34.55333333,28.54259259,5.978200007,101.7555556,87.30259259,101.5277778,87.34518519,206,591,2.868932039,0,3
70,Western,116,Juabeso,JUABESO,Juabeso,Western,Tropic - warm / humid,2. Humid lowland tree crop,306.24,7.88,6.036,6.816,188.44,1376.08,17,53,21,36.3724,18.7528,10.7012,197399,2094.571013,26.81350309,9.0875,67.75207586,113.637454,33.93888889,20.47407407,13.46481481,28.16820988,25.52345679,28.26697531,25.52037037,376.287037,33.93888889,28.55740741,5.439680323,100.3722222,87.32592593,100.1962963,87.33888889,207,525,2.536231884,0,3
71,Western,110,Wassa Amenfi East,WASSA AMENFI EAST,Wassa Akropong,Western,Tropic - warm / humid,2. Humid lowland tree crop,311.9375,6.625,2.43125,4.35,137.1875,1371.5,18,53.5625,21.25,30.8875,15.460625,7.451875,111951,1405.105909,26.93782793,8.753819444,68.91467565,109.0939915,33.80694444,21.05648148,12.75046296,28.25393519,25.65447531,28.31473765,25.65185185,375.7768519,33.80694444,28.5587963,5.28080301,100.0203704,87.32685185,99.93009259,87.34768519,141,496,3.517730496,3,4
72,Western,111,Wassa Amenfi West,WASSA AMENFI WEST,Asankragua,Western,Tropic - warm / humid,2. Humid lowland tree crop,314.6585366,6.756097561,3.541463415,5.224390244,132.804878,1425.902439,18.17073171,52.80487805,20.85365854,31.02,16.15829268,8.347560976,172989,3537.851887,27.05810185,8.525462963,69.8258145,106.3748923,33.7,21.4537037,12.2462963,28.33271605,25.77716049,28.38518519,25.77561728,375.85,33.7,28.60925926,5.15766042,99.80185185,87.43888889,99.72777778,87.44444444,346,1005,2.904624277,0,4
73,Central,214,Assin North,ASSIN NORTH,Assin Fosu,Central,Tropic - warm / humid,2. Humid lowland tree crop,309,7.230769231,2.869230769,3.230769231,147.6153846,1253.384615,17.15384615,62.07692308,25.46153846,28.06692308,14.19230769,6.601538462,147967,1088.446738,26.83472222,8.117592593,68.24588384,113.6790947,33.32777778,21.39074074,11.93703704,28.17777778,25.42345679,28.21080247,25.42006173,370.7222222,33.32777778,28.00185185,5.456789386,98.66481481,85.7537037,98.61481481,85.75555556,109,406,3.724770642,3,4
74,Central,213,Assin South,ASSIN SOUTH,Nsuaem-Kyekyewere,Central,Tropic - warm / subhumid,2. Humid lowland tree crop,293.75,9,2.841666667,2.916666667,149.4166667,1216,20,61.5,24.83333333,29.9125,16.52416667,7.898333333,106253,1087.11299,26.77484568,7.546296296,66.66299698,120.2528548,32.91944444,21.58055556,11.33888889,28.15123457,25.20802469,28.17484568,25.20632716,366.5759259,32.91944444,27.53611111,5.668153285,97.53611111,84.35092593,97.49166667,84.35185185,107,330,3.08411215,0,4
75,Volta,415,Krachi East,KRACHI EAST,Dambai,Volta,Tropic - warm / subhumid,14. Artisanal fishing,246.2333333,8.966666667,3.756666667,5.476666667,109.7,1271.266667,15.66666667,73.63333333,42.6,24.554,18.96433333,11.457,72837,2694.701176,27.21157407,10.00679012,64.37938494,138.0302209,35.73333333,20.1537037,15.57962963,28.87438272,25.71604938,29.10648148,25.70771605,386.5796296,35.73333333,28.96296296,6.777189636,104.712963,88.21481481,104.362963,88.24074074,265,402,1.516981132,0,3
76,Volta,416,Krachi West,KRACHI WEST,Kete-Krachi,Volta,Tropic - warm / subhumid,14. Artisanal fishing,236.5652174,9.391304348,2.52173913,3.943478261,109.6521739,1241.782609,15.17391304,73.65217391,42.65217391,13.08869565,9.620869565,5.676086957,120524,1848.410924,27.52386188,10.18607253,62.69920048,146.7291782,36.30092593,20.0162037,16.28472222,29.30887346,25.9662037,29.57785494,25.96087963,391.4027778,36.30092593,29.2162037,7.018469912,106.3847222,88.97453704,106.0101852,89.00416667,182,427,2.346153846,0,4
77,Greater Accra,303,Ga East,GA EAST MUNICIPAL,Abokobi,Greater Accr,Tropic - warm / subhumid,2. Humid lowland tree crop,247,14,0.3,0.5,75,1009,21,38,13,11.37,8.33,5.23,120626,161.3751786,27.64220679,6.743364198,67.72501419,111.1241594,33.11481481,23.12962963,9.985185185,28.75925926,26.14876543,28.82407407,26.13796296,372.1666667,33.11481481,28.25555556,5.248438265,98.25185185,86.1,98.02962963,86.12777778,17,8,0.470588235,0,4
78,Volta,409,South Dayi,SOUTH DAYI,Kpeve,Volta,Tropic - warm / subhumid,14. Artisanal fishing,280.5,8.666666667,1.666666667,2.033333333,171.3333333,1205.5,15.33333333,74,43,32.44,26.3,17.97333333,50009,409.4888208,27.17565586,9.180478395,70.75744931,117.5094603,34.29814815,21.28796296,13.01018519,28.50540123,25.74845679,28.62052469,25.7367284,381.1907407,34.29814815,29.06018519,5.398497902,101.4092593,88.47222222,101.1342593,88.5212963,41,93,2.268292683,0,4
79,Volta,410,Norh Dayi (Kpando),KPANDO,Kpando,Volta,Tropic - warm / subhumid,14. Artisanal fishing,276.6,7.3,1.277777778,2.988888889,120.6,1229.8,15,67.7,36.5,28.91555556,23.24222222,14.70444444,107377,788.1927527,27.04320988,9.508333333,70.58563514,117.6916561,34.52962963,21.02222222,13.50740741,28.3882716,25.63611111,28.51358025,25.62654321,381.5685185,34.52962963,29.01111111,5.670147655,101.9185185,88.32037037,101.5574074,88.37962963,78,69,0.884615385,0,4
80,Northern,814,Karaga,KARAGA,Karaga,Northern,Tropic - warm / subhumid,8. Cereal-root crop mixed,190.6216216,9,4.42972973,4.564864865,166.2972973,1093.648649,13.10810811,83,63,9.518108108,7.975135135,5.318918919,72201,2985.86716,28.16350309,11.87199074,60.06154799,194.946211,38.35601852,18.54907407,19.80694444,30.69737654,26.27438272,30.93541667,26.2716821,409.1939815,38.35601852,29.91157407,8.213956124,112.5587963,91.1662037,111.8958333,91.22037037,294,1051,3.574829932,3,4
81,Northern,815,Gushiegu,GUSHIEGU,Gushiegu,Northern,Tropic - warm / subhumid,8. Cereal-root crop mixed,189.2941176,8.294117647,4.861764706,4.867647059,172.2941176,1090.323529,12.32352941,82.76470588,62.64705882,9.474117647,8.145588235,5.455588235,112343,3050.316925,27.97565586,11.93958333,60.27940058,194.931925,38.23333333,18.38425926,19.84907407,30.51033951,26.08981481,30.74583333,26.08811728,407.3453704,38.23333333,29.775,8.248942548,112.1,90.73240741,111.4703704,90.73333333,297,978,3.292929293,1,4
82,Brong Ahafo,720,Pru,PRU,Yeji,Brong Ahafo,Tropic - warm / subhumid,7. Root and tuber crop,256.9142857,7.971428571,4.454285714,6.282857143,129.4857143,1202.314286,14.45714286,75.97142857,42,11.81828571,9.383714286,5.234571429,102791,3338.770557,27.87145062,10.32438272,60.64669543,156.7523542,36.92407407,19.87592593,17.04814815,29.75154321,26.25401235,30.0882716,26.25123457,396.4037037,36.92407407,29.46481481,7.304463365,108.1777778,89.74444444,107.7611111,89.79814815,326,861,2.641104294,0,4
83,Brong Ahafo,718,Atebubu Amantin,ATEBUBU AMANTIN,Atebubu,Brong Ahafo,Tropic - warm / humid,7. Root and tuber crop,273.2758621,7.448275862,3.7,5.193103448,144.3448276,1219.827586,15,75.31034483,40.5862069,12.64517241,9.603793103,5.174827586,106828,2379.249436,27.40354938,9.949382716,62.15561277,146.0039671,35.99814815,19.95,16.04814815,29.21234568,25.82839506,29.43148148,25.82407407,388.5388889,35.99814815,29,6.870365741,105.562963,88.37962963,105.2240741,88.40185185,232,765,3.297413793,3,4
84,Eastern,518,Kwahu West,KWAHU WEST MUNICIPALITY,Nkawkaw,Eastern,Tropic - warm / humid,2. Humid lowland tree crop,301.8,7.8,1.12,1.12,217,1241.4,16,51,20.4,32.184,18.066,9.092,113402,450.2790313,26.62091049,9.142592593,67.92395894,114.3561759,33.92037037,20.40555556,13.51481481,28.0257716,25.29799383,28.11157407,25.29475309,374.3064815,33.92037037,28.40092593,5.608396176,100.0722222,86.61574074,99.96944444,86.62037037,47,147,3.127659574,0,4
85,Eastern,517,Atiwa,ATIWA,Kwabeng,Eastern,Tropic - warm / humid,2. Humid lowland tree crop,302.5454545,8,2.490909091,2.627272727,237.2727273,1215,16,54,21,30.56181818,17.04818182,8.89,105612,973.5834989,26.55231481,8.867283951,68.82820552,109.1737473,33.5462963,20.61481481,12.93148148,27.90246914,25.26728395,27.95740741,25.2632716,371.8314815,33.5462963,28.27037037,5.413392848,99.15185185,86.23888889,99.06481481,86.24814815,98,345,3.520408163,3,4
86,Eastern,513,East Akim,EAST AKIM MUNICIPAL,Kibi,Eastern,Tropic - warm / humid,2. Humid lowland tree crop,299.5,8.5,1.925,2.1375,292.375,1198.125,16.375,51.375,19.5,38.50625,23.39875,12.8275,120908,747.3438196,26.34359568,8.874382716,69.69294991,108.717874,33.25740741,20.475,12.78240741,27.65617284,25.04274691,27.72268519,25.03873457,369.3694444,33.25740741,28.1037037,5.369477242,98.35555556,85.69166667,98.23240741,85.70277778,74,276,3.72972973,2,4
87,Upper West,1007,Sissala West,SISSALA WEST,Gwollu,Upper West,Tropic - warm / subhumid,8. Cereal-root crop mixed,174.2368421,10.60526316,3.447368421,3.621052632,276.0263158,998.1842105,18.05263158,99,92,11.49421053,10.16526316,6.965789474,55565,3310.324179,27.62962963,12.17993827,60.09587428,197.4492591,37.62222222,17.30185185,20.32037037,30.17438272,25.91728395,30.39845679,25.82993827,404.6351852,37.62222222,29.55555556,7.77703185,110.7592593,90.56111111,109.8259259,93.02407407,326,927,2.843558282,1,4
88,Upper West,1004,Sissala East,SISSALA EAST,Tumu,Upper West,Tropic - warm / subhumid,8. Cereal-root crop mixed,173.6808511,10.46808511,3.395744681,3.504255319,258.2978723,1001.680851,13.70212766,98.4893617,91.06382979,12.10191489,10.92787234,7.498297872,54685,4191.355125,28.21412037,12.18657407,59.63977718,202.2554789,38.41296296,17.93148148,20.48148148,30.86604938,26.4382716,31.07993827,26.38518519,411.6888889,38.41296296,30.08148148,7.902913882,112.9092593,91.9962963,111.9518519,93.71481481,409,1239,3.029339853,1,4
89,Upper East,904,Bolgatanga,BOLGATANGA MUNICIPAL,Bolgatanga,Upper East,Tropic - warm / subhumid,8. Cereal-root crop mixed,170,11,2.275,2.275,157.25,1000,13,89.25,75,9.8725,8.4,5.86,101816,460.726645,28.55671296,12.26728395,59.68869182,208.4843105,38.99444444,18.39814815,20.5962963,31.28858025,26.66496914,31.53549383,26.65339506,416.2842593,38.99444444,30.34722222,8.101957551,114.4203704,92.74537037,113.3990741,93.61203704,44,131,2.977272727,0,4
90,Upper East,905,Talensi Nabdam,TALENSI-NANDAM,Tongo,Upper East,Tropic - warm / subhumid,8. Cereal-root crop mixed,172,10.21428571,2.057142857,2.057142857,181.4285714,1000,13,89.14285714,74.14285714,12.34928571,10.62642857,7.365,154119,1262.362919,28.47677469,12.31805556,59.62534708,210.2670311,38.99074074,18.28888889,20.70185185,31.23888889,26.57438272,31.48611111,26.56574074,415.6296296,38.99074074,30.30740741,8.155784981,114.3314815,92.54814815,113.35,93.10740741,121,458,3.785123967,1,4
91,Volta,401,South Tongu,SOUTH TONGU,Sogakope,Volta,Tropic - warm / subhumid,14. Artisanal fishing,208.5555556,13,2.266666667,2.822222222,48.22222222,1267.333333,23,68.66666667,37.44444444,20.89666667,17.58111111,13.38,142373,649.1852171,27.32997685,7.92029321,67.49469639,127.6357598,33.65046296,21.90925926,11.7412037,28.7246142,25.66334877,28.78564815,25.6558642,375.4814815,33.65046296,28.38101852,5.522441857,99.59814815,86.64907407,99.48657407,86.67592593,64,255,3.984375,3,4
92,Upper East,903,Kasena Nankana East,KASSENA NANKANA,Navrongo,Upper East,Tropic - warm / subhumid,8. Cereal-root crop mixed,170.0833333,10.83333333,2.325,2.383333333,161.9166667,997.3333333,13.66666667,91,77,9.485,8.169166667,5.620833333,106122,890.0844477,28.5938786,12.14022634,59.65126185,204.7244745,38.92777778,18.53209877,20.39567901,31.27345679,26.71522634,31.51316872,26.70514403,415.9679012,38.92777778,30.36358025,8.071793574,114.2765432,92.72222222,113.3308642,93.56358025,86,310,3.604651163,2,4
93,Upper East,902,Kasena Nankana West,KASSENA NANKANA WEST,Paga,Upper East,Tropic - warm / subhumid,8. Cereal-root crop mixed,168.3333333,11,2.411111111,2.433333333,215.7777778,996,14,91,77,10.28777778,9.071111111,6.09,60837,846.2105049,28.4253858,12.20154321,59.69590687,204.4785344,38.70555556,18.21944444,20.48611111,31.10216049,26.59691358,31.33240741,26.56311728,414.3138889,38.70555556,30.23425926,7.975522001,113.7092593,92.46944444,112.7,93.91574074,84,304,3.619047619,3,4
94,Upper West,1006,Jirapa,JIRAPA LAMBUSSIE,Jirapa,Upper West,Tropic - warm / subhumid,8. Cereal-root crop mixed,179.7647059,10.05882353,2.905882353,2.905882353,282,985.5882353,15.64705882,98.41176471,91.41176471,10.38294118,9.077058824,6.51,87517,1390.641819,27.77523148,12.07978395,59.93603138,196.8310816,37.73765432,17.52962963,20.20802469,30.29197531,26.01337449,30.51409465,25.93323045,405.7814815,37.73765432,29.60185185,7.854218228,111.1166667,90.69074074,110.3283951,93.13765432,137,409,2.98540146,1,3
95,Upper West,1008,Lambussie Karni,LAMBUSSIE-KARNI,Lambussie,Upper West,Tropic - warm / subhumid,8. Cereal-root crop mixed,173.1428571,10.85714286,3.685714286,3.7,299,973,14,99,92,10.50571429,9.251428571,6.785714286,35299,710.7239948,27.74529321,12.20570988,59.92240749,200.5940636,37.77314815,17.35185185,20.4212963,30.32916667,25.98626543,30.54135802,25.89444444,406.1777778,37.77314815,29.60185185,7.842308211,111.2444444,90.78888889,110.2888889,93.35277778,67,201,3,3,3
96,Northern,806,Kpandai,KPANDAI,Kpandai,Northern,Tropic - warm / subhumid,14. Artisanal fishing,227.9259259,9.037037037,2.088888889,3.388888889,118.2592593,1233.037037,14.66666667,81.92592593,60.2962963,12.0862963,8.878888889,5.434074074,62019,2389.547029,27.83695988,10.34552469,61.23666421,154.9542818,36.83703704,19.91666667,16.92037037,29.72037037,26.22993827,30.03919753,26.22808642,396.1166667,36.83703704,29.49074074,7.234664844,107.9740741,89.77592593,107.562963,89.80185185,237,670,2.827004219,0,4
97,Northern,805,East Gonja,EAST GONGA,Salaga,Northern,Tropic - warm / subhumid,8. Cereal-root crop mixed,223.75,8.875,3.1875,3.848863636,132.6704545,1173.693182,14.36363636,82.52272727,62.01136364,10.35715909,8.258863636,5.204659091,190466,7680.297343,27.82222222,10.77037037,60.18358124,168.4207806,37.2037037,19.27037037,17.93333333,29.9058642,26.08611111,30.21311728,26.08364198,398.4888889,37.2037037,29.43333333,7.678580647,109.1231481,89.61018519,108.6972222,89.63333333,754,2407,3.192307692,0,4
98,Brong Ahafo,705,Dormaa East,DORMAA  EAST,Wamfie,Brong Ahafo,Tropic - warm / humid,2. Humid lowland tree crop,279.2857143,8,2.114285714,2.828571429,297.4285714,1223,17,73.57142857,39.57142857,26.79142857,13.58714286,6.694285714,56970,482.9262518,26.71921296,9.669907407,62.4293446,143.190604,35.0962963,19.5537037,15.54259259,28.42592593,25.22901235,28.64320988,25.2212963,378.65,35.0962963,28.30925926,6.658147176,102.6666667,86.55925926,102.3685185,86.58888889,47,150,3.191489362,3,4
99,Brong Ahafo,704,Dormaa Municipal,DORMAA  MUNICIPAL,Dormaa Ahenkro,Brong Ahafo,Tropic - warm / humid,2. Humid lowland tree crop,282.8571429,8,3.595238095,4.60952381,241.4761905,1234.285714,17.0952381,73.9047619,39.52380952,28.05666667,13.07857143,6.353333333,156866,1726.954811,26.81490741,9.597098765,63.28247395,138.3991371,34.9862963,19.75296296,15.23333333,28.4812963,25.36012346,28.65993827,25.35401235,379.3614815,34.9862963,28.46518519,6.407533833,102.5277778,87.01296296,102.2648148,87.10296296,170,519,3.052941176,3,4
100,Brong Ahafo,716,Nkoranza South,NKORANZA SOUTH,Nkoranza,Brong Ahafo,Tropic - warm / humid,7. Root and tuber crop,283.1538462,7,2.284615385,3.823076923,222.9230769,1230.461538,15.46153846,76,41,16.40076923,11.98923077,6.004615385,76475,980.1149603,26.89211034,9.763078704,62.75883258,141.4248365,35.3087963,19.70277778,15.60601852,28.61234568,25.36566358,28.82307099,25.36141975,381.2837963,35.3087963,28.50925926,6.712217026,103.424537,86.97962963,103.1240741,87.00092593,96,337,3.510416667,2,4
101,Brong Ahafo,717,Nkoranza North,NKORANZA NORTH,Busunya,Brong Ahafo,Tropic - warm / humid,7. Root and tuber crop,275.7857143,7,4.707142857,6.507142857,227.7142857,1207.714286,15,76,41,16.78071429,12.91714286,6.69,72214,1295.579228,26.6507716,9.906481481,61.95150436,145.0777087,35.29444444,19.26111111,16.03333333,28.40154321,25.12006173,28.6595679,25.11512346,379.2481481,35.29444444,28.28148148,6.940679265,103.2444444,86.31111111,102.8537037,86.33333333,128,357,2.7890625,0,4
102,Brong Ahafo,708,Sunyani Municipal,SUNYANI MUNICIPAL,Sunyani,Brong Ahafo,Tropic - warm / humid,7. Root and tuber crop,280.875,8,1.9,1.95,278.25,1224,15,70.375,37.75,27.12125,14.9875,7.32375,168676,698.978669,26.67758488,9.593132716,61.34167297,146.1842473,35.10925926,19.41666667,15.69259259,28.45632716,25.22083333,28.65308642,25.21111111,377.6898148,35.10925926,28.29351852,6.657709775,102.5018519,86.43796296,102.2324074,86.5712963,71,199,2.802816901,0,4
103,Brong Ahafo,709,Sunyani West,SUNYANI WEST,Odumase,Brong Ahafo,Tropic - warm / humid,7. Root and tuber crop,279.1,8,2.66,2.74,264.2,1209,15.3,74.6,40.2,26.01,15.183,7.314,63526,908.9564995,26.75119599,9.768209877,61.55504213,147.8745074,35.34583333,19.42685185,15.91898148,28.51790123,25.20941358,28.75092593,25.20223765,379.6236111,35.34583333,28.2875,6.929082968,103.2861111,86.44814815,102.8819444,86.5287037,85,241,2.835294118,0,4
104,Central,217,Upper Denkyira West,UPPER DENKYIRA WEST,Diaso,Central,Tropic - warm / humid,2. Humid lowland tree crop,310.1666667,6.166666667,1.75,3.5,171.5,1355,18.5,60.33333333,24.33333333,29.245,13.685,6.151666667,78749,556.9698644,26.89773663,8.829938272,68.6109627,110.0003578,33.84259259,20.92407407,12.91851852,28.2276749,25.61358025,28.29125514,25.61059671,375.7524691,33.84259259,28.54197531,5.32185054,100.0932099,87.28950617,99.99753086,87.3154321,55,199,3.618181818,3,4
105,Central,216,Upper Denkyira East,UPPER DENKYIRA EAST,Dunkwa On Offin,Central,Tropic - warm / humid,2. Humid lowland tree crop,310.6,6.6,1.42,3.5,163.4,1327,18,59.4,23.8,31.258,15.29,7.074,61021,540.2947845,26.89683642,8.331944444,68.94050771,111.335983,33.48703704,21.35925926,12.12777778,28.24722222,25.53302469,28.27438272,25.5308642,372.7537037,33.48703704,28.24259259,5.33794576,99.14444444,86.42037037,99.08518519,86.42407407,52,172,3.307692308,0,4
106,Central,209,Awutu Senya,AWUTU/SENYA,Awutu Breku,Central,Tropic - warm / subhumid,2. Humid lowland tree crop,261,11.8,1.36,1.4,121.6,1113.8,19.4,59.2,23.8,22.39,12.39,6.764,123169,363.1689584,27.33806584,6.88590535,66.62005588,115.4019256,32.98333333,22.6308642,10.35246914,28.56080247,25.79701646,28.60709877,25.79053498,369.3722222,32.98333333,27.88703704,5.433940486,97.77716049,85.21481481,97.65246914,85.23271605,35,140,4,4,4
107,Central,207,Effutu,EFFUTU MUNICIPAL,Winneba,Central,Tropic - warm / subhumid,14. Artisanal fishing,242,12,0.55,0.55,75,1094,26,55,22,15.84,11.455,6.95,74704,90.56002685,27.3128858,6.299537037,63.68828044,124.9994641,32.64444444,22.73333333,9.911111111,28.59722222,25.58919753,28.63333333,25.5845679,365.5518519,32.64444444,27.33518519,5.734782805,96.78703704,83.79444444,96.70740741,83.80555556,8,12,1.5,0,4
108,Western,109,Prestea / Huni Valley,PRESTEA HUNI VALLEY,Prestea,Western,Tropic - warm / humid,2. Humid lowland tree crop,310.5294118,7.764705882,1.458823529,3.176470588,95.52941176,1385.823529,18.47058824,52.29411765,20.35294118,29.98764706,16.65705882,8.618823529,158754,1542.614715,26.96060957,8.049382716,69.24554017,110.1761017,33.30416667,21.64768519,11.65648148,28.2621142,25.58780864,28.29868827,25.58603395,371.8236111,33.30416667,28.2037037,5.279748243,98.71805556,86.24537037,98.66342593,86.2537037,155,583,3.761290323,0,4
109,Western,108,Tarkwa Nsuaem,TARKWA NSUAEM,Tarkwa,Western,Tropic - warm / subhumid,2. Humid lowland tree crop,308.2,8.8,1.713333333,2.66,83.26666667,1393.466667,19.13333333,51.06666667,19.73333333,27.992,15.12866667,7.300666667,127443,1228.889992,26.87243441,7.496412037,68.84441243,110.6352457,32.8212963,21.90648148,10.91481481,28.13356481,25.44822531,28.16458333,25.44506173,367.4476852,32.8212963,27.89444444,5.21187793,97.36759259,85.25555556,97.30972222,85.26435185,123,410,3.333333333,0,4
110,Western,114,Sefwi Wiawso,SEFWI WIAWSO,Wiawso,Western,Tropic - warm / humid,2. Humid lowland tree crop,306.9,7,3.34,4.28,187.8,1384,17.6,52.7,20.8,30.958,14.931,6.878,110471,952.3556456,26.92998971,9.230864198,66.95074919,116.8034244,34.28950617,20.43703704,13.85246914,28.35288066,25.65082305,28.45113169,25.6462963,378.5450617,34.28950617,28.72345679,5.529300374,101.1876543,87.82283951,101.037037,87.8882716,92,315,3.423913043,3,4
111,Western,113,Sefwi Akontombra,SEFWI AKONTOMBRA,Akontombra,Western,Tropic - warm / humid,2. Humid lowland tree crop,311.9166667,7.083333333,5.9,7.091666667,204.9166667,1386.666667,17.33333333,53,20.91666667,38.82083333,20.86,11.7875,56203,1082.494722,26.91394033,8.927983539,68.38139916,111.4099033,33.89876543,20.79320988,13.10555556,28.24907407,25.62860082,28.32726337,25.62520576,376.5351852,33.89876543,28.60246914,5.335061908,100.291358,87.47962963,100.1685185,87.51049383,108,326,3.018518519,3,4
112,Greater Accra,302,Ga West,GA WESTMUNICIPAL,Amasaman,Greater Accr,Tropic - warm / subhumid,2. Humid lowland tree crop,250.5,13.5,0.9,0.9,81.5,1009,21,48.5,17.5,15.045,9.79,6.04,60088,244.6741268,27.64220679,6.743364198,67.72501419,111.1241594,33.11481481,23.12962963,9.985185185,28.75925926,26.14876543,28.82407407,26.13796296,372.1666667,33.11481481,28.25555556,5.248438265,98.25185185,86.1,98.02962963,86.12777778,24,12,0.5,0,4
113,Greater Accra,301,Weija (Ga South),GA SOUTH MUNICIPAL,Gbawe,Greater Accr,Tropic - warm / subhumid,2. Humid lowland tree crop,252.2,12.8,0.96,0.98,78.6,1009,21,47.4,17.2,18.03,11.306,6.374,427456,452.4580578,27.25817901,7.261111111,68.06545913,112.7268192,33.13024691,22.43641975,10.69382716,28.48179012,25.77962963,28.52613169,25.77386831,370.6648148,33.13024691,28.1154321,5.302685496,98.16419753,85.77777778,98.05246914,85.79567901,46,116,2.52173913,0,4
114,Greater Accra,305,Adenta,ADENTAN MUNICIPAL,Adenta,Greater Accr,Tropic - warm / subhumid,2. Humid lowland tree crop,245,14,0.75,0.95,73,1009,21,41.5,15,11.055,7.85,5.5,137252,100.1482754,27.64220679,6.743364198,67.72501419,111.1241594,33.11481481,23.12962963,9.985185185,28.75925926,26.14876543,28.82407407,26.13796296,372.1666667,33.11481481,28.25555556,5.248438265,98.25185185,86.1,98.02962963,86.12777778,9,4,0.444444444,0,4
115,Greater Accra,308,Tema,TEMA MUNICIPAL AREA,Tema,Greater Accr,Tropic - warm / subhumid,14. Artisanal fishing,225.3333333,14.33333333,0.166666667,0.166666667,72.33333333,1003.333333,22.66666667,23,7.666666667,10.98,9.06,6.06,574520,225.1568984,27.64077932,6.801774691,66.0100129,122.5104884,33.14166667,22.80092593,10.34074074,28.88256173,25.97376543,28.93996914,25.96589506,372.5,33.14166667,28.12685185,5.381503092,98.33518519,85.92222222,98.17592593,85.94907407,23,28,1.217391304,0,4
116,Greater Accra,307,Ashaiman,ASHAIMAN MUNICIPAL,Ashaiman,Greater Accr,Tropic - warm / subhumid,14. Artisanal fishing,232,14,0.3,0.3,82,1009,21,39,14,10.71,8.38,5.74,229982,118.4239771,27.64220679,6.743364198,67.72501419,111.1241594,33.11481481,23.12962963,9.985185185,28.75925926,26.14876543,28.82407407,26.13796296,372.1666667,33.11481481,28.25555556,5.248438265,98.25185185,86.1,98.02962963,86.12777778,12,28,2.333333333,0,4
117,Greater Accra,306,Ledzokuku / Krowor,LEDZOKUKU-KROWOR MUNICIPAL,Nungua,Greater Accr,Tropic - warm / subhumid,14. Artisanal fishing,226,14,0.15,0.15,68,1009,21,19,6,10.73333333,8.853333333,5.783333333,590485,38.66086413,27.64220679,6.743364198,67.72501419,111.1241594,33.11481481,23.12962963,9.985185185,28.75925926,26.14876543,28.82407407,26.13796296,372.1666667,33.11481481,28.25555556,5.248438265,98.25185185,86.1,98.02962963,86.12777778,4,0,0,0,0
118,Greater Accra,304,A M A,ACCRA METRO,Accra,Greater Accr,Tropic - warm / subhumid,14. Artisanal fishing,225.3333333,14,0.133333333,0.166666667,75.66666667,1009,21,20,6.333333333,10.45666667,8.55,5.496666667,2043801,169.5410468,27.64220679,6.743364198,67.72501419,111.1241594,33.11481481,23.12962963,9.985185185,28.75925926,26.14876543,28.82407407,26.13796296,372.1666667,33.11481481,28.25555556,5.248438265,98.25185185,86.1,98.02962963,86.12777778,18,0,0,0,0
119,Volta,412,Biakoye,BIAKOYE,Nkonya Ahenkro,Volta,Tropic - warm / subhumid,14. Artisanal fishing,264.125,7.375,1.857142857,4.228571429,254.875,1257,15,73.25,41.75,38.315,27.1125,15.0775,63661,562.1421442,27.12808642,9.80154321,67.22473962,128.1348602,35.25925926,20.63888889,14.62037037,28.68055556,25.67623457,28.84259259,25.66759259,384.3462963,35.25925926,29.0462963,6.25708041,103.5407407,88.34259259,103.1833333,88.36481481,53,98,1.849056604,0,3
120,Eastern,501,Birim South,BIRIM SOUTH,Akim Swedru,Eastern,Tropic - warm / subhumid,2. Humid lowland tree crop,306.5,8.166666667,1.566666667,2.466666667,158.8333333,1223.333333,17.33333333,54,21,28.55666667,14.915,7.405,53660,609.3297505,26.94691358,7.866203704,68.34637842,111.8806239,33.25925926,21.71018519,11.54907407,28.25185185,25.5382716,28.28734568,25.5345679,370.5601852,33.25925926,28.03611111,5.387694887,98.4787037,85.75185185,98.41759259,85.76018519,57,217,3.807017544,3,4
121,Eastern,502,Birim Central Municipal,BIRIM CENTRAL MUNICIPAL,Akim Oda,Eastern,Tropic - warm / subhumid,2. Humid lowland tree crop,302.25,8.625,0.975,1.5875,160.125,1152.5,18.75,52.375,20.125,28.49,15.30875,7.85625,157533,647.4128307,27.05910494,7.614814815,68.446873,110.0821532,33.19074074,22.02962963,11.16111111,28.32592593,25.65308642,28.36388889,25.64907407,370.3981481,33.19074074,28.07037037,5.318600389,98.29259259,85.75,98.22037037,85.76481481,65,226,3.476923077,0,4
122,Eastern,520,Kwahu East,KWAHU EAST,Abetifi,Eastern,Tropic - warm / humid,2. Humid lowland tree crop,299.7142857,7.714285714,2.042857143,2.042857143,337.4285714,1248,16,55.57142857,22.57142857,28.46714286,20.12714286,12.13571429,101012,748.957263,26.68950617,9.417901235,67.01971236,119.5386044,34.29444444,20.1962963,14.09814815,28.14907407,25.3287037,28.26574074,25.32623457,376.7814815,34.29444444,28.53148148,5.803399503,100.9925926,86.99259259,100.8740741,86.99259259,75,154,2.053333333,0,4
123,Eastern,519,Kwahu South,KWAHU SOUTH,Mpraeso,Eastern,Tropic - warm / humid,2. Humid lowland tree crop,297.1,8,4.85,4.87,345,1236.3,15.4,52.6,20.3,29.292,21.722,14.801,67909,797.4005099,26.79318416,9.273713992,68.15140933,115.6503199,34.19814815,20.54074074,13.65740741,28.19465021,25.4617284,28.3037037,25.45679012,377.1604938,34.19814815,28.62962963,5.633075617,100.8561728,87.27901235,100.7018519,87.29074074,76,148,1.947368421,0,4
124,Ashanti,604,Adansi South,ADANSI SOUTH,New Edubiase,Ashanti,Tropic - warm / humid,2. Humid lowland tree crop,311,6.714285714,2.857142857,3.678571429,151.1428571,1282.071429,15.92857143,66.42857143,32.64285714,31.91357143,16.33285714,7.930714286,156000,1311.812453,26.74693287,8.579976852,68.41270732,112.4883171,33.57731481,20.9875,12.58981481,28.10887346,25.39320988,28.15694444,25.39112654,372.4430556,33.57731481,28.20138889,5.460252838,99.3037037,86.26111111,99.23148148,86.26296296,130,486,3.738461538,3,4
125,Ashanti,608,Bosome Freho,BOSOME FREHO,Asiwa,Ashanti,Tropic - warm / humid,2. Humid lowland tree crop,311.875,6.5,2.9875,3.8125,211.75,1282,15,67,33,36.14625,19.7975,10.46875,68859,706.3848337,26.55802469,8.90308642,67.99344022,114.1241226,33.69814815,20.55,13.14814815,27.97777778,25.21666667,28.03271605,25.21450617,372.1148148,33.69814815,28.18148148,5.600492777,99.53148148,86.0962963,99.47037037,86.0962963,73,257,3.520547945,3,4
126,Ashanti,621,Sekyere South,AFIGYA SEKYERE SOUTH,Agona,Ashanti,Tropic - warm / humid,7. Root and tuber crop,296.25,7,2.25,2.575,322.5,1271.5,16.5,64.25,31.25,30.0375,17.0875,9.1825,78073,364.3805593,26.6759838,9.455671296,64.79454401,130.1833127,34.61527778,19.96157407,14.6537037,28.25609568,25.22291667,28.4058642,25.21975309,376.8458333,34.61527778,28.31666667,6.26562221,101.6236111,86.46944444,101.4310185,86.48055556,35,132,3.771428571,2,4
127,Ashanti,625,Sekyere Central,SEKYERE CENTRAL,Nsuta,Ashanti,Tropic - warm / humid,7. Root and tuber crop,289.7727273,7,4.722727273,5.818181818,194.2727273,1252.681818,15.09090909,66.13636364,32.45454545,19.95909091,14.90227273,8.206363636,115621,1678.229875,27.00408951,9.617746914,63.84416637,135.8720633,35.17777778,20.06851852,15.10925926,28.63549383,25.48518519,28.81790123,25.48117284,381.7555556,35.17777778,28.61296296,6.46426416,103.1518519,87.31666667,102.9037037,87.33518519,165,489,2.963636364,0,4
128,Ashanti,622,Mampong Municipal,MAMPONG MUNICIPAL,Mampong Ashanti,Ashanti,Tropic - warm / humid,7. Root and tuber crop,292.7142857,7,1.857142857,2.957142857,300,1252.428571,15.14285714,63.14285714,30.71428571,22.08857143,16.21,8.835714286,94173,615.5497462,26.67348251,9.50622428,64.43877501,132.0216542,34.69938272,19.88703704,14.81234568,28.27530864,25.20864198,28.43528807,25.20534979,377.1191358,34.69938272,28.31604938,6.344908389,101.7981481,86.44382716,101.595679,86.45740741,61,236,3.868852459,3,4
129,Ashanti,627,Offinso North,OFFINSO NORTH,Akumadan,Ashanti,Tropic - warm / humid,7. Root and tuber crop,287.2,7,2.34,3.08,291.5,1251.9,15.9,66.7,33,23.627,15.25,6.975,101975,1034.111092,26.51003086,9.578703704,63.08404684,138.7456069,34.76481481,19.53148148,15.23333333,28.2,25.02901235,28.38333333,25.02530864,375.5925926,34.76481481,28.14259259,6.573558939,101.7388889,85.91111111,101.5148148,85.93333333,104,384,3.692307692,0,4
130,Ashanti,618,Offinso Municipal,OFFINSO  MUNICIPAL,Offinso,Ashanti,Tropic - warm / humid,7. Root and tuber crop,294,7,2.5,2.56,296.4,1263,16.4,64.2,31.2,27.886,14.548,7.336,65574,503.36895,26.59675926,9.441358025,64.47294893,131.7069476,34.56388889,19.85833333,14.70555556,28.1992284,25.14737654,28.35046296,25.1441358,375.8092593,34.56388889,28.23055556,6.300661307,101.4194444,86.2287037,101.2259259,86.24166667,45,171,3.8,3,4
131,Eastern,507,New Juaben Municipal,EJISU/JUABENG MUNICIPAL,Ejisu,Ashanti,Tropic - warm / humid,2. Humid lowland tree crop,304.4,6.8,1.32,1.64,224.2,1286.8,16.6,60.2,28.6,29.04,15.928,8.95,109720,472.3394037,26.58261317,9.176440329,66.74780102,120.0799011,34.07222222,20.2654321,13.80679012,28.05555556,25.19804527,28.15164609,25.19567901,374.05,34.07222222,28.2308642,5.87505284,100.3783951,86.24876543,100.258642,86.25,46,159,3.456521739,0,4
132,Ashanti,623,Sekyere East,EFFIDUASE,Effiduase,Ashanti,Tropic - warm / humid,7. Root and tuber crop,301,7,2.683333333,3.216666667,303.5,1288,17,65,31.66666667,29.38,16.12833333,8.775,121796,543.5484862,26.50632716,9.322222222,66.38811182,121.4472925,34.15555556,20.06111111,14.09444444,27.9904321,25.1117284,28.10462963,25.1095679,374.0092593,34.15555556,28.19259259,5.996902068,100.5037037,86.1037037,100.3685185,86.1037037,54,198,3.666666667,2,4
133,Central,210,Agona East,AGONA EAST MUNICIPALITY,Nsabaa,Central,Tropic - warm / subhumid,2. Humid lowland tree crop,273,11,1.3,1.366666667,111.6666667,1140,19,61.33333333,24.66666667,28.02,14.53,7.29,72476,307.9989656,27.05910494,7.614814815,68.446873,110.0821532,33.19074074,22.02962963,11.16111111,28.32592593,25.65308642,28.36388889,25.64907407,370.3981481,33.19074074,28.07037037,5.318600389,98.29259259,85.75,98.22037037,85.76481481,32,120,3.75,0,4
134,Central,211,Agona West,AGONA WEST,Agona Swedru,Central,Tropic - warm / subhumid,2. Humid lowland tree crop,274.5,10.75,0.8,0.925,84.25,1140,19,53.25,21.25,27.7625,14.225,7.1275,119919,325.0910861,27.05910494,7.614814815,68.446873,110.0821532,33.19074074,22.02962963,11.16111111,28.32592593,25.65308642,28.36388889,25.64907407,370.3981481,33.19074074,28.07037037,5.318600389,98.29259259,85.75,98.22037037,85.76481481,33,116,3.515151515,0,4
135,Eastern,509,Lower Manya Krobo,LOWER MANYA,Odumase Krobo,Eastern,Tropic - warm / subhumid,7. Root and tuber crop,275.3333333,10.33333333,1.833333333,2.333333333,198.6666667,1152.666667,17,45.33333333,17.33333333,35.77333333,27.29333333,19.77666667,61954,329.0007848,26.7214892,8.867052469,70.74347889,112.7946326,33.51759259,20.94444444,12.57314815,28.0162037,25.33950617,28.10771605,25.33055556,373.8601852,33.51759259,28.52314815,5.226204893,99.22962963,86.88425926,99.05555556,86.91018519,33,48,1.454545455,0,4
136,Eastern,511,Upper Manya Krobo,UPPER MANYA,Asesewa,Eastern,Tropic - warm / subhumid,14. Artisanal fishing,285.9090909,8.909090909,2.97,3.03,168,1181.909091,16.27272727,53.27272727,20.63636364,24.602,19.279,12.542,147266,1067.606413,26.90597994,9.194598765,70.16972576,115.3798823,34.07962963,20.93055556,13.14907407,28.2382716,25.52608025,28.35424383,25.51712963,378.0393519,34.07962963,28.78611111,5.451247985,100.700463,87.67361111,100.4587963,87.70787037,104,217,2.086538462,0,4
137,Western,106,Shama,SHAMA AHANTA EAST,Shama,Western,Tropic - warm / subhumid,14. Artisanal fishing,284.5,11,0.55,0.7,69,1313,20,53,20.5,25.73,18.91,11.075,89648,151.8722999,26.82966821,7.394984568,68.25721265,112.3819035,32.725,21.86388889,10.86111111,28.10925926,25.37052469,28.1382716,25.36882716,366.3259259,32.725,27.7787037,5.249124037,97.09351852,84.91018519,97.05,84.91388889,14,12,0.857142857,0,4
138,Western,105,Sekondi-Takoradi,SEKONDI TAKORADI MUNICIPAL,Sekondi,Western,Tropic - warm / subhumid,14. Artisanal fishing,287.3333333,11.33333333,0.533333333,0.566666667,71.66666667,1381.666667,23.33333333,49.66666667,19,22.76,13.24,6.553333333,205780,209.7238108,26.82966821,7.394984568,68.25721265,112.3819035,32.725,21.86388889,10.86111111,28.10925926,25.37052469,28.1382716,25.36882716,366.3259259,32.725,27.7787037,5.249124037,97.09351852,84.91018519,97.05,84.91388889,22,12,0.545454545,0,4
139,Western,107,Mpohor-Wassa East,MPOHOR WASSA EAST,Daboase,Western,Tropic - warm / subhumid,2. Humid lowland tree crop,297.6,9.32,3.04,3.532,97.84,1314.52,20,53.36,21.16,28.0512,14.9624,7.424,117293,2243.065232,26.86658951,7.509722222,67.98473506,115.5359864,32.87407407,21.8,11.07407407,28.19845679,25.37037037,28.22654321,25.36944444,367.4574074,32.87407407,27.74259259,5.430369441,97.53703704,84.90185185,97.50740741,84.9037037,221,688,3.113122172,0,4
140,Western,103,Nzema East,NZEMA EAST,Axim,Western,Tropic - warm / subhumid,2. Humid lowland tree crop,312.2727273,8.545454545,1.890909091,2.945454545,78.90909091,1457.909091,19.09090909,52.81818182,20.81818182,27.45636364,14.45363636,6.659090909,77126,998.308684,27.02091049,7.830401235,70.23110342,107.4575453,33.15555556,21.97777778,11.17777778,28.27006173,25.67067901,28.30864198,25.66820988,371.2333333,33.15555556,28.22037037,5.193017349,98.38888889,86.22037037,98.33333333,86.24259259,96,353,3.677083333,0,4
141,Western,102,Ellembelle,ELLEMBELLE,Nkroful,Western,Tropic - warm / humid,2. Humid lowland tree crop,315.5714286,7.642857143,3.157142857,4.335714286,75.28571429,1463.428571,18.42857143,53,21,27.70071429,14.01571429,6.717142857,94152,1110.880576,26.93977623,7.621296296,69.1048797,111.0767673,32.9837963,21.92777778,11.05601852,28.20470679,25.51728395,28.2375,25.51358025,369.0050926,32.9837963,27.99166667,5.252405014,97.8162037,85.58564815,97.74259259,85.59583333,108,340,3.148148148,0,4
142,Ashanti,607,Bekwai Municipal,BEKWAI MUNICIPAL,Bekwai,Ashanti,Tropic - warm / humid,2. Humid lowland tree crop,307.5,6,1.2,1.85,335.75,1302.5,16,61.5,29.5,34.06,18.1775,9.3475,99116,355.5764813,26.61149691,9.124151235,67.17860014,117.7634429,34.00324074,20.36157407,13.64166667,28.04984568,25.24845679,28.1412037,25.24652778,374.0828704,34.00324074,28.26805556,5.767735487,100.2523148,86.38009259,100.1328704,86.38148148,33,132,4,4,4
143,Ashanti,620,Kwabre East,KWABRE,Mamponteng,Ashanti,Tropic - warm / humid,7. Root and tuber crop,299.5,7,1.125,1.125,299.5,1293.25,17.75,65.25,31.75,29.43,16.8775,10.195,218959,269.9359781,26.59490741,9.313117284,66.12498142,123.0577904,34.25925926,20.12314815,14.13611111,28.09444444,25.18873457,28.21111111,25.18626543,375.0175926,34.25925926,28.25555556,6.012332871,100.8018519,86.325,100.6527778,86.32685185,26,30,1.153846154,0,4
144,Ashanti,619,Afigya Kwabre,AFIGYA KWABRE,Kodie,Ashanti,Tropic - warm / humid,7. Root and tuber crop,296,7,2.14,2.32,294.6,1279,17.2,67,33,27.006,14.088,6.968,75314,309.4322615,26.59675926,9.441358025,64.47294893,131.7069476,34.56388889,19.85833333,14.70555556,28.1992284,25.14737654,28.35046296,25.1441358,375.8092593,34.56388889,28.23055556,6.300661307,101.4194444,86.2287037,101.2259259,86.24166667,35,132,3.771428571,0,4
145,Ashanti,613,Atwima Kwanwoma,ATWIMA -KWANWOMA,Foase Kokoben,Ashanti,Tropic - warm / humid,2. Humid lowland tree crop,303.6666667,6,2.133333333,2.3,229.3333333,1295,18,64,31,30.97,17.61333333,10.40333333,61427,274.9441242,26.68348765,9.304012346,65.86185101,124.6682882,34.36296296,20.18518519,14.17777778,28.19845679,25.26574074,28.31759259,25.26296296,376.0259259,34.36296296,28.31851852,6.027763675,101.1,86.5462963,100.937037,86.55,27,96,3.555555556,0,4
146,Ashanti,612,Bosumtwi,BOSUMTWE,Kuntenase,Ashanti,Tropic - warm / humid,2. Humid lowland tree crop,305,6.333333333,0.983333333,1.316666667,236,1291.5,17.5,58.16666667,27.33333333,32.515,18.96,11.44666667,159742,465.1261639,26.61149691,9.124151235,67.17860014,117.7634429,34.00324074,20.36157407,13.64166667,28.04984568,25.24845679,28.1412037,25.24652778,374.0828704,34.00324074,28.26805556,5.767735487,100.2523148,86.38009259,100.1328704,86.38148148,45,160,3.555555556,0,4
147,Eastern,516,Birim North,BIRIM NORTH,New Abirem,Eastern,Tropic - warm / humid,2. Humid lowland tree crop,307.6666667,7.166666667,2.6,3.3,186.5,1248.5,15.5,51.33333333,19.66666667,31.055,16.63166667,8.46,36151,499.6051696,26.59994856,9.062757202,67.94711936,114.2788248,33.8462963,20.4537037,13.39259259,28.00977366,25.27088477,28.08528807,25.26800412,373.5759259,33.8462963,28.32777778,5.605761709,99.89197531,86.44259259,99.80308642,86.44567901,47,158,3.361702128,3,4
148,Eastern,515,Akyemansa,AKYEMANSA,Ofoase,Eastern,Tropic - warm / humid,2. Humid lowland tree crop,310.125,7.875,2.4625,3.475,162,1268.375,15.375,54,21,27.05375,13.7325,6.6975,91801,720.7065366,26.64835391,8.629320988,68.35584319,112.3256549,33.52407407,20.85185185,12.67222222,28.01934156,25.30246914,28.06697531,25.29927984,371.5561728,33.52407407,28.15123457,5.490225004,99.11604938,86.02962963,99.05,86.03333333,72,273,3.791666667,3,4
149,Brong Ahafo,719,Sene,SENE,Kwame Danso,Brong Ahafo,Tropic - warm / subhumid,14. Artisanal fishing,257.9325843,8.629213483,5.765168539,7.617977528,115.9213483,1238.94382,15.12359551,75.76404494,40.86516854,16.2541573,13.30617978,7.282247191,103403,7794.210592,27.5748714,9.84850823,63.5359715,137.999637,35.95987654,20.4117284,15.54814815,29.2281893,26.08251029,29.47973251,26.07613169,389.9895062,35.95987654,29.27530864,6.598719905,105.517284,89.14074074,105.1901235,89.16481481,768,1126,1.466145833,0,4
150,Ashanti,624,Sekyere Afram Plains,SEKYERE AFRAM PLAINS,Kumawu,Ashanti,Tropic - warm / humid,7. Root and tuber crop,284.787234,7.255319149,8.214893617,9.10212766,159.4680851,1249.893617,15.06382979,66.87234043,32.93617021,19.47659574,15.41297872,8.666595745,117858,4240.434556,27.31087963,9.704166667,64.72336502,131.5901739,35.42407407,20.38888889,15.03518519,28.92191358,25.8617284,29.09660494,25.85771605,385.9555556,35.42407407,29.02037037,6.317216942,104.0851852,88.52777778,103.8555556,88.55,420,1163,2.769047619,0,4
151,Eastern,521,Kwahu North,KWAHU NORTH,Donkorkrom,Ashanti,Tropic - warm / humid,14. Artisanal fishing,281.9824561,7.824561404,5.043859649,6.001754386,113.6491228,1227.245614,14.52631579,54.57894737,21.59649123,20.00947368,15.67929825,9.501929825,162264,5000.933817,27.13773148,9.53595679,68.60631012,118.238608,34.7537037,20.81111111,13.94259259,28.53240741,25.78919753,28.68796296,25.7808642,382.8685185,34.7537037,29.08703704,5.6824345,102.4240741,88.60555556,102.1666667,88.63148148,491,738,1.50305499,0,3
152,Central,206,Gomoa West,GOMOA WEST,Apam,Central,Tropic - warm / subhumid,2. Humid lowland tree crop,255.8333333,12,1.183333333,1.25,87.33333333,1094,26,60.83333333,24.66666667,24.47333333,14.095,8.013333333,182148,605.2941286,27.18599537,6.957175926,66.06757672,117.5408087,32.91759259,22.38148148,10.53611111,28.46157407,25.62114198,28.49861111,25.61682099,367.975,32.91759259,27.70277778,5.526691597,97.53981481,84.77222222,97.46388889,84.78518519,62,184,2.967741935,0,4
153,Central,208,Gomoa East,GOMOA EAST,Senya Breku,Central,Tropic - warm / subhumid,2. Humid lowland tree crop,250.2,12.6,1.3,1.3,75.2,1129.2,23.4,58,23.4,16.31,9.712,5.78,108768,446.1032209,27.27185571,7.020717593,66.97116445,115.7949805,33.0087963,22.51064815,10.49814815,28.51064815,25.7320216,28.5529321,25.72654321,369.3865741,33.0087963,27.92037037,5.410709824,97.81990741,85.28194444,97.7162037,85.29814815,42,156,3.714285714,0,4
154,Volta,405,Akatsi,AKATSI,Akatsi,Volta,Tropic - warm / subhumid,7. Root and tuber crop,237.2,12.2,2.17,2.64,65.1,1116,19,73,42.1,17.4,11.59,7.103,137549,870.526985,27.08186728,8.190895062,67.50006548,132.8566931,33.63518519,21.46666667,12.16851852,28.56419753,25.34598765,28.61635802,25.33765432,374.1277778,33.63518519,28.16296296,5.72984961,99.42777778,86.05,99.31851852,86.07407407,87,323,3.712643678,0,4
155,Volta,411,Hohoe,HOHOE,Hohoe,Volta,Tropic - warm / subhumid,7. Root and tuber crop,272.2857143,7.071428571,2.1,4.014285714,278.7142857,1261.142857,15.28571429,72.42857143,41.64285714,29.86642857,21.16428571,11.63928571,197189,1291.087782,26.40999228,9.541358025,68.08421174,132.4485418,34.26574074,20.2087963,14.05694444,27.99714506,24.83287037,28.10887346,24.82376543,374.1680556,34.26574074,28.11527778,6.372790346,100.7763889,85.74490741,100.5087963,85.78194444,128,313,2.4453125,0,4
156,Volta,414,Kadjebi,KADJEBI,Kadjebi,Volta,Tropic - warm / subhumid,2. Humid lowland tree crop,246.6666667,8.111111111,6.833333333,8.677777778,299.1111111,1294.444444,16,74,42.88888889,32.28,22.67,11.90444444,48793,814.5722117,26.46531636,9.959259259,67.35573672,133.3795277,34.75972222,19.925,14.83472222,28.06936728,24.94290123,28.23078704,24.93441358,377.3393519,34.75972222,28.31203704,6.655188525,102.0361111,86.21944444,101.6907407,86.24722222,84,205,2.44047619,0,3
157,Northern,809,Zabzugu-Tatale,ZABZUGU TATALE,Zabzugu,Northern,Tropic - warm / subhumid,8. Cereal-root crop mixed,211.44,9,2.52,2.796,160.56,1203.2,13,82.68,62.6,11.6036,8.9896,5.9316,103952,2264.973537,27.79513889,11.52299383,61.27407304,178.7834438,37.71851852,18.88333333,18.83518519,30.1,25.98641975,30.36481481,25.98055556,402.6796296,37.71851852,29.55740741,8.104880668,110.7111111,90.0462963,110.3351852,90.05740741,222,769,3.463963964,3,4
158,Upper East,908,Garu Tempane,GARU TEMPANE,Garu,Upper East,Tropic - warm / subhumid,8. Cereal-root crop mixed,169.1,10,1.82,1.88,241.1,1003.2,12.2,90.2,75.6,7.938,6.48,4.082,116456,979.4152922,28.32777778,12.43395062,59.46407896,213.0706285,39.02962963,18.07592593,20.9537037,31.13580247,26.3941358,31.36759259,26.38641975,414.537037,39.02962963,30.16111111,8.293341049,114.2388889,92.15,113.3833333,92.7037037,99,294,2.96969697,1,4
159,Northern,818,Bunkpurugu Yonyo,BUNKPURUGU YUNYOO,Bunkpurugu,Northern,Tropic - warm / subhumid,8. Cereal-root crop mixed,177.8461538,9,3.384615385,3.392307692,212.0769231,1049.769231,11.92307692,83,63,9.16,7.461538462,4.619230769,78106,1098.451481,28.25493827,12.33996914,59.64413128,208.7311368,38.89583333,18.16388889,20.73194444,30.99783951,26.31743827,31.21998457,26.31188272,413.0990741,38.89583333,30.08194444,8.310594389,113.8222222,91.84583333,113.0282407,92.22175926,107,359,3.355140187,1,4
160,Northern,807,Nanumba South,NANUMBA SOUTH,Wulensi,Northern,Tropic - warm / subhumid,7. Root and tuber crop,217.1428571,9,2.514285714,3.607142857,123.7142857,1219.142857,13.14285714,82.57142857,62.5,12.05428571,8.946428571,5.84,61858,1096.959517,27.71219136,11.06820988,61.7830309,168.3603876,37.27777778,19.33518519,17.94259259,29.85432099,25.96419753,30.11419753,25.95987654,398.9555556,37.27777778,29.42222222,7.775142189,109.2907407,89.67222222,108.8814815,89.71666667,106,349,3.29245283,0,4
161,Volta,408,Ho,HO MUNICIPAL,Ho,Volta,Tropic - warm / subhumid,7. Root and tuber crop,278.5,7.9,1.67,1.69,189.9,1233.5,15.5,71.3,40.4,27.804,19.81,11.805,186610,999.9931658,26.3943287,9.291743827,67.87253853,135.6786456,34.03518519,20.29907407,13.73611111,28.01265432,24.73811728,28.10169753,24.72885802,372.4824074,34.03518519,27.9212963,6.348568238,100.2175926,85.29722222,99.9962963,85.34166667,100,309,3.09,0,4
162,Volta,407,Adaklu Anyigbe,ADAKLU-ANYIGBE,Kpetoe,Volta,Tropic - warm / subhumid,7. Root and tuber crop,267.7,9.65,2.515,2.545,83.65,1151.95,17.25,72.45,41.5,21.274,15.431,8.8655,119009,1675.756961,26.79465664,8.906751543,68.54360151,130.3853122,33.94305556,20.90462963,13.03842593,28.30300926,25.17075617,28.38680556,25.16057099,374.9763889,33.94305556,28.2787037,5.888458559,100.1907407,86.31712963,100.0055556,86.35509259,168,557,3.31547619,2,4
163,Northern,817,Chereponi,CHEREPONI,Chereponi,Northern,Tropic - warm / subhumid,8. Cereal-root crop mixed,188.5294118,8.823529412,4.452941176,4.511764706,150.3529412,1082.882353,12,83,63,9.531176471,7.931764706,5.204705882,45840,1552.392048,28.34737654,12.31111111,59.7263669,206.0719145,38.9962963,18.34259259,20.6537037,31.08981481,26.40679012,31.26697531,26.40246914,414.0351852,38.9962963,30.17592593,8.32472321,114.0796296,92.10925926,113.3574074,92.32037037,154,468,3.038961039,0,4
164,Northern,816,Saboba,SABOBA,Saboba,Northern,Tropic - warm / subhumid,8. Cereal-root crop mixed,200.65,8.3,3.105,3.11,137.95,1147.55,12.05,83,63,9.7485,7.8055,5.315,77090,1843.92794,28.08094136,11.92546296,61.08387455,191.3864458,38.2962963,18.73703704,19.55925926,30.57932099,26.12962963,30.79320988,26.12592593,408.5240741,38.2962963,29.84259259,8.287680373,112.387037,90.93518519,111.9814815,90.94259259,181,585,3.232044199,1,4
165,Volta,413,Jasikan,JASIKAN,Jasikan,Volta,Tropic - warm / subhumid,7. Root and tuber crop,257.9166667,7.75,2.990909091,5.427272727,256,1278.833333,15.5,72.33333333,41.41666667,33.89833333,23.65916667,12.89166667,93376,1046.720186,26.46531636,9.959259259,67.35573672,133.3795277,34.75972222,19.925,14.83472222,28.06936728,24.94290123,28.23078704,24.93441358,377.3393519,34.75972222,28.31203704,6.655188525,102.0361111,86.21944444,101.6907407,86.24722222,101,266,2.633663366,0,3
166,Volta,404,Ketu North,KETU NORTH,Dzodze,Volta,Tropic - warm / subhumid,14. Artisanal fishing,228.6666667,13.33333333,1.8,2.366666667,62.66666667,1106,20.33333333,67,36.33333333,17.4,10.76,6.953333333,78460,402.2967709,27.08186728,8.190895062,67.50006548,132.8566931,33.63518519,21.46666667,12.16851852,28.56419753,25.34598765,28.61635802,25.33765432,374.1277778,33.63518519,28.16296296,5.72984961,99.42777778,86.05,99.31851852,86.07407407,39,152,3.897435897,3,4
167,Volta,403,Ketu South,KETU SOUTH,Denu,Volta,Tropic - warm / semiarid,14. Artisanal fishing,212,13.66666667,1.033333333,1.433333333,59.33333333,1086,23,73.66666667,42.66666667,13.11333333,9.29,7.156666667,132691,318.5274874,27.08186728,8.190895062,67.50006548,132.8566931,33.63518519,21.46666667,12.16851852,28.56419753,25.34598765,28.61635802,25.33765432,374.1277778,33.63518519,28.16296296,5.72984961,99.42777778,86.05,99.31851852,86.07407407,31,82,2.64516129,0,4
168,Volta,418,Nkwanta North,NKWANTA NORTH,Kpasa,Volta,Tropic - warm / subhumid,7. Root and tuber crop,221.7272727,9,6.754545455,7.909090909,116.5454545,1229.272727,13.18181818,74,43,12.09818182,9.030909091,5.770909091,35771,987.897538,27.50289352,10.7929784,62.21271205,160.239599,36.8287037,19.44907407,17.37962963,29.51342593,25.82052469,29.77932099,25.81666667,394.7925926,36.8287037,29.2212963,7.543021954,107.9185185,89.04351852,107.5194444,89.08611111,99,250,2.525252525,0,4
169,Volta,417,Nkwanta South,NKWANTA SOUTH,Nkwanta,Volta,Tropic - warm / subhumid,7. Root and tuber crop,233.8918919,9,6.143243243,6.975675676,289.8918919,1273.540541,14.02702703,74,43,23.66351351,17.90351351,10.54324324,171121,3106.728553,27.29359568,10.51774691,62.6423932,152.1188105,36.37962963,19.56296296,16.81666667,29.17253086,25.67685185,29.44444444,25.67345679,390.6296296,36.37962963,29.02037037,7.310901718,106.5462963,88.41481481,106.1574074,88.45555556,305,772,2.531147541,0,4